path_object,type_architecture,purpose,boot_stage_role,security_relevance,metadata_signatures_hash,dependencies,reverse_engineering,normal_unusual_assessment,evidence,open_questions,next_artifact,encoding,required_fields,optional_or_conditional_fields,confidence,coverage
BootKernelExtensions.kc / AppleACPIPlatform / HardwareACPI,Mach-O fileset member; x86_64,ACPI ID representation; no ACPI method invocation,Construct EFI path bytes from installer/boot-property descriptions before NVRAM synchronization,Privileged kernel parser; representation does not establish device activity or caller authorization,Enclosing exact-reference BaseSystem provenance; KC SHA256=c80161fa3065883753fc285339281361a8469cbb6fb27653c88e2a22eb4807a4; no new standalone signature claim,OSDictionary; OSNumber/OSString/OSBoolean/OSArray; OSData; common iterator/cleanup; related helpers where described,HID byte swap then rotate16; UID unchanged; CID is explicitly unsupported,Observed in retained reference-matching Apple image; capability expected for boot-path construction; documented encoding/parser limits require caller and firmware-consumer analysis,createEFIDevicePathFromArray0xffffff80014866a0..1488c94; name reference=0xffffff8001486b5c; original-byte-checked provider.instructions.json; continuation converter-new.* and converter-types.json,Producer ranges; firmware interpretation; allocation-failure reachability; live MAC/AMFI/SIP policy; registry-derived alternative path,createEFIDevicePathForDTEntry0xffffff8001488c94..148ae65 and exact OSUnserializeXML consumers,02/01;12,HID:number32; UID:number32,CID:number causes rejection; absent/wrong type is treated as absent,Observed static field/branch behavior; runtime effects Unknown,Bounded field/type/width/error/append review; not whole-object closure
BootKernelExtensions.kc / AppleACPIPlatform / HardwarePCI,Mach-O fileset member; x86_64,PCI address representation; no PCI config access,Construct EFI path bytes from installer/boot-property descriptions before NVRAM synchronization,Privileged kernel parser; representation does not establish device activity or caller authorization,Enclosing exact-reference BaseSystem provenance; KC SHA256=c80161fa3065883753fc285339281361a8469cbb6fb27653c88e2a22eb4807a4; no new standalone signature claim,OSDictionary; OSNumber/OSString/OSBoolean/OSArray; OSData; common iterator/cleanup; related helpers where described,Stores Function then Device; no explicit device<=31/function<=7 check in branch,Observed in retained reference-matching Apple image; capability expected for boot-path construction; documented encoding/parser limits require caller and firmware-consumer analysis,createEFIDevicePathFromArray0xffffff80014866a0..1488c94; name reference=0xffffff8001486c67; original-byte-checked provider.instructions.json; continuation converter-new.* and converter-types.json,Producer ranges; firmware interpretation; allocation-failure reachability; live MAC/AMFI/SIP policy; registry-derived alternative path,createEFIDevicePathForDTEntry0xffffff8001488c94..148ae65 and exact OSUnserializeXML consumers,01/01;6,Device:number32->byte; Function:number32->byte,None,Observed static field/branch behavior; runtime effects Unknown,Bounded field/type/width/error/append review; not whole-object closure
BootKernelExtensions.kc / AppleACPIPlatform / HardwareMemoryMapped,Mach-O fileset member; x86_64,Memory range description; no mapping or memory read performed here,Construct EFI path bytes from installer/boot-property descriptions before NVRAM synchronization,Privileged kernel parser; representation does not establish device activity or caller authorization,Enclosing exact-reference BaseSystem provenance; KC SHA256=c80161fa3065883753fc285339281361a8469cbb6fb27653c88e2a22eb4807a4; no new standalone signature claim,OSDictionary; OSNumber/OSString/OSBoolean/OSArray; OSData; common iterator/cleanup; related helpers where described,No branch check for start<=end or permitted memory type,Observed in retained reference-matching Apple image; capability expected for boot-path construction; documented encoding/parser limits require caller and firmware-consumer analysis,createEFIDevicePathFromArray0xffffff80014866a0..1488c94; name reference=0xffffff8001486d53; original-byte-checked provider.instructions.json; continuation converter-new.* and converter-types.json,Producer ranges; firmware interpretation; allocation-failure reachability; live MAC/AMFI/SIP policy; registry-derived alternative path,createEFIDevicePathForDTEntry0xffffff8001488c94..148ae65 and exact OSUnserializeXML consumers,01/03;24,MemoryType:number32; StartingAddress:number64; EndingAddress:number64,None,Observed static field/branch behavior; runtime effects Unknown,Bounded field/type/width/error/append review; not whole-object closure
BootKernelExtensions.kc / AppleACPIPlatform / MessagingATAPI,Mach-O fileset member; x86_64,ATAPI address description,Construct EFI path bytes from installer/boot-property descriptions before NVRAM synchronization,Privileged kernel parser; representation does not establish device activity or caller authorization,Enclosing exact-reference BaseSystem provenance; KC SHA256=c80161fa3065883753fc285339281361a8469cbb6fb27653c88e2a22eb4807a4; no new standalone signature claim,OSDictionary; OSNumber/OSString/OSBoolean/OSArray; OSData; common iterator/cleanup; related helpers where described,Boolean getValue is stored without inversion; LUN is optional,Observed in retained reference-matching Apple image; capability expected for boot-path construction; documented encoding/parser limits require caller and firmware-consumer analysis,createEFIDevicePathFromArray0xffffff80014866a0..1488c94; name reference=0xffffff8001486e6d; original-byte-checked provider.instructions.json; continuation converter-new.* and converter-types.json,Producer ranges; firmware interpretation; allocation-failure reachability; live MAC/AMFI/SIP policy; registry-derived alternative path,createEFIDevicePathForDTEntry0xffffff8001488c94..148ae65 and exact OSUnserializeXML consumers,03/01;8,Primary:boolean; Master:boolean,Lun:number16 defaults zero on absent/wrong type,Observed static field/branch behavior; runtime effects Unknown,Bounded field/type/width/error/append review; not whole-object closure
BootKernelExtensions.kc / AppleACPIPlatform / MessagingSATA,Mach-O fileset member; x86_64,SATA address description,Construct EFI path bytes from installer/boot-property descriptions before NVRAM synchronization,Privileged kernel parser; representation does not establish device activity or caller authorization,Enclosing exact-reference BaseSystem provenance; KC SHA256=c80161fa3065883753fc285339281361a8469cbb6fb27653c88e2a22eb4807a4; no new standalone signature claim,OSDictionary; OSNumber/OSString/OSBoolean/OSArray; OSData; common iterator/cleanup; related helpers where described,No enumerated-port or topology validation in this branch,Observed in retained reference-matching Apple image; capability expected for boot-path construction; documented encoding/parser limits require caller and firmware-consumer analysis,createEFIDevicePathFromArray0xffffff80014866a0..1488c94; name reference=0xffffff8001486f70; original-byte-checked provider.instructions.json; continuation converter-new.* and converter-types.json,Producer ranges; firmware interpretation; allocation-failure reachability; live MAC/AMFI/SIP policy; registry-derived alternative path,createEFIDevicePathForDTEntry0xffffff8001488c94..148ae65 and exact OSUnserializeXML consumers,03/12;10,HbaPort:number16; PmPort:number16,Lun:number16 defaults zero on absent/wrong type,Observed static field/branch behavior; runtime effects Unknown,Bounded field/type/width/error/append review; not whole-object closure
BootKernelExtensions.kc / AppleACPIPlatform / MessagingNVMe,Mach-O fileset member; x86_64,Firmware compatibility/producer constraints unknown; no NVMe command,Construct EFI path bytes from installer/boot-property descriptions before NVRAM synchronization,Privileged kernel parser; representation does not establish device activity or caller authorization,Enclosing exact-reference BaseSystem provenance; KC SHA256=c80161fa3065883753fc285339281361a8469cbb6fb27653c88e2a22eb4807a4; no new standalone signature claim,OSDictionary; OSNumber/OSString/OSBoolean/OSArray; OSData; common iterator/cleanup; related helpers where described,NamespaceID getter is16bits; observed subtype16 differs from pinned EDK II NVMe17,Observed in retained reference-matching Apple image; capability expected for boot-path construction; documented encoding/parser limits require caller and firmware-consumer analysis,createEFIDevicePathFromArray0xffffff80014866a0..1488c94; name reference=0xffffff800148707e; original-byte-checked provider.instructions.json; continuation converter-new.* and converter-types.json,Producer ranges; firmware interpretation; allocation-failure reachability; live MAC/AMFI/SIP policy; registry-derived alternative path,createEFIDevicePathForDTEntry0xffffff8001488c94..148ae65 and exact OSUnserializeXML consumers,03/16;16,None,NamespaceUUID:number64=0; NamespaceID:number16->32=0 on absent/wrong type,Observed static field/branch behavior; runtime effects Unknown,Bounded field/type/width/error/append review; not whole-object closure
BootKernelExtensions.kc / AppleACPIPlatform / MessagingSAS,Mach-O fileset member; x86_64,SAS vendor-node address representation,Construct EFI path bytes from installer/boot-property descriptions before NVRAM synchronization,Privileged kernel parser; representation does not establish device activity or caller authorization,Enclosing exact-reference BaseSystem provenance; KC SHA256=c80161fa3065883753fc285339281361a8469cbb6fb27653c88e2a22eb4807a4; no new standalone signature claim,OSDictionary; OSNumber/OSString/OSBoolean/OSArray; OSData; common iterator/cleanup; related helpers where described,Vendor GUID d487ddb4-008b-11d9-afdc-001083ffca4d; reserved/topology fields zero,Observed in retained reference-matching Apple image; capability expected for boot-path construction; documented encoding/parser limits require caller and firmware-consumer analysis,createEFIDevicePathFromArray0xffffff80014866a0..1488c94; name reference=0xffffff800148714f; original-byte-checked provider.instructions.json; continuation converter-new.* and converter-types.json,Producer ranges; firmware interpretation; allocation-failure reachability; live MAC/AMFI/SIP policy; registry-derived alternative path,createEFIDevicePathForDTEntry0xffffff8001488c94..148ae65 and exact OSUnserializeXML consumers,03/0a;44,SasAddress:number64,Lun:number64=0; RelativeTargetPort:number16=1,Observed static field/branch behavior; runtime effects Unknown,Bounded field/type/width/error/append review; not whole-object closure
BootKernelExtensions.kc / AppleACPIPlatform / MessagingFibreChannel,Mach-O fileset member; x86_64,Fibre Channel address representation,Construct EFI path bytes from installer/boot-property descriptions before NVRAM synchronization,Privileged kernel parser; representation does not establish device activity or caller authorization,Enclosing exact-reference BaseSystem provenance; KC SHA256=c80161fa3065883753fc285339281361a8469cbb6fb27653c88e2a22eb4807a4; no new standalone signature claim,OSDictionary; OSNumber/OSString/OSBoolean/OSArray; OSData; common iterator/cleanup; related helpers where described,Reserved32 zero; WWN and LUN stored directly,Observed in retained reference-matching Apple image; capability expected for boot-path construction; documented encoding/parser limits require caller and firmware-consumer analysis,createEFIDevicePathFromArray0xffffff80014866a0..1488c94; name reference=0xffffff800148728a; original-byte-checked provider.instructions.json; continuation converter-new.* and converter-types.json,Producer ranges; firmware interpretation; allocation-failure reachability; live MAC/AMFI/SIP policy; registry-derived alternative path,createEFIDevicePathForDTEntry0xffffff8001488c94..148ae65 and exact OSUnserializeXML consumers,03/03;24,NodeWWN:number64,Lun:number64=0,Observed static field/branch behavior; runtime effects Unknown,Bounded field/type/width/error/append review; not whole-object closure
BootKernelExtensions.kc / AppleACPIPlatform / MessagingSCSI,Mach-O fileset member; x86_64,SCSI address representation,Construct EFI path bytes from installer/boot-property descriptions before NVRAM synchronization,Privileged kernel parser; representation does not establish device activity or caller authorization,Enclosing exact-reference BaseSystem provenance; KC SHA256=c80161fa3065883753fc285339281361a8469cbb6fb27653c88e2a22eb4807a4; no new standalone signature claim,OSDictionary; OSNumber/OSString/OSBoolean/OSArray; OSData; common iterator/cleanup; related helpers where described,Numeric type checks; no SCSI command or target probing,Observed in retained reference-matching Apple image; capability expected for boot-path construction; documented encoding/parser limits require caller and firmware-consumer analysis,createEFIDevicePathFromArray0xffffff80014866a0..1488c94; name reference=0xffffff8001487358; original-byte-checked provider.instructions.json; continuation converter-new.* and converter-types.json,Producer ranges; firmware interpretation; allocation-failure reachability; live MAC/AMFI/SIP policy; registry-derived alternative path,createEFIDevicePathForDTEntry0xffffff8001488c94..148ae65 and exact OSUnserializeXML consumers,03/02;8,Pun:number16,Lun:number16=0,Observed static field/branch behavior; runtime effects Unknown,Bounded field/type/width/error/append review; not whole-object closure
BootKernelExtensions.kc / AppleACPIPlatform / MessagingSD,Mach-O fileset member; x86_64,Vendor-specific SD description; differs from standard03/1a short node,Construct EFI path bytes from installer/boot-property descriptions before NVRAM synchronization,Privileged kernel parser; representation does not establish device activity or caller authorization,Enclosing exact-reference BaseSystem provenance; KC SHA256=c80161fa3065883753fc285339281361a8469cbb6fb27653c88e2a22eb4807a4; no new standalone signature claim,OSDictionary; OSNumber/OSString/OSBoolean/OSArray; OSData; common iterator/cleanup; related helpers where described,Vendor GUID c063c579-9f78-4ba5-9f42-d0b0149597a6; byte slot in zeroed16byte payload,Observed in retained reference-matching Apple image; capability expected for boot-path construction; documented encoding/parser limits require caller and firmware-consumer analysis,createEFIDevicePathFromArray0xffffff80014866a0..1488c94; name reference=0xffffff800148740c; original-byte-checked provider.instructions.json; continuation converter-new.* and converter-types.json,Producer ranges; firmware interpretation; allocation-failure reachability; live MAC/AMFI/SIP policy; registry-derived alternative path,createEFIDevicePathForDTEntry0xffffff8001488c94..148ae65 and exact OSUnserializeXML consumers,03/0a;36,Slot:number8,None,Observed static field/branch behavior; runtime effects Unknown,Bounded field/type/width/error/append review; not whole-object closure
BootKernelExtensions.kc / AppleACPIPlatform / Messaging1394,Mach-O fileset member; x86_64,IEEE1394 address description,Construct EFI path bytes from installer/boot-property descriptions before NVRAM synchronization,Privileged kernel parser; representation does not establish device activity or caller authorization,Enclosing exact-reference BaseSystem provenance; KC SHA256=c80161fa3065883753fc285339281361a8469cbb6fb27653c88e2a22eb4807a4; no new standalone signature claim,OSDictionary; OSNumber/OSString/OSBoolean/OSArray; OSData; common iterator/cleanup; related helpers where described,Reserved32 zero; GUID64 stored directly,Observed in retained reference-matching Apple image; capability expected for boot-path construction; documented encoding/parser limits require caller and firmware-consumer analysis,createEFIDevicePathFromArray0xffffff80014866a0..1488c94; name reference=0xffffff80014874c1; original-byte-checked provider.instructions.json; continuation converter-new.* and converter-types.json,Producer ranges; firmware interpretation; allocation-failure reachability; live MAC/AMFI/SIP policy; registry-derived alternative path,createEFIDevicePathForDTEntry0xffffff8001488c94..148ae65 and exact OSUnserializeXML consumers,03/04;16,Guid:number64,None,Observed static field/branch behavior; runtime effects Unknown,Bounded field/type/width/error/append review; not whole-object closure
BootKernelExtensions.kc / AppleACPIPlatform / Messaging1394SBP,Mach-O fileset member; x86_64,Firmware-version compatibility path; revision initialization still open,Construct EFI path bytes from installer/boot-property descriptions before NVRAM synchronization,Privileged kernel parser; representation does not establish device activity or caller authorization,Enclosing exact-reference BaseSystem provenance; KC SHA256=c80161fa3065883753fc285339281361a8469cbb6fb27653c88e2a22eb4807a4; no new standalone signature claim,OSDictionary; OSNumber/OSString/OSBoolean/OSArray; OSData; common iterator/cleanup; related helpers where described,High16<=1 uses03/10; >1 uses vendor GUID36f659d6-80f4-4c34-bd2b-8db1e83d71a3. Alternate block76fd..77d5 is not a MAC branch,Observed in retained reference-matching Apple image; capability expected for boot-path construction; documented encoding/parser limits require caller and firmware-consumer analysis,createEFIDevicePathFromArray0xffffff80014866a0..1488c94; name reference=0xffffff8001487550; original-byte-checked provider.instructions.json; continuation converter-new.* and converter-types.json,Producer ranges; firmware interpretation; allocation-failure reachability; live MAC/AMFI/SIP policy; registry-derived alternative path,createEFIDevicePathForDTEntry0xffffff8001488c94..148ae65 and exact OSUnserializeXML consumers,03/10;10 OR03/0a;26,AgentOffset:number32; LUN:number16,Firmware revision high16 determines format,Observed static field/branch behavior; runtime effects Unknown,Bounded field/type/width/error/append review; not whole-object closure
BootKernelExtensions.kc / AppleACPIPlatform / MessagingMACAddress,Mach-O fileset member; x86_64,Potential parser correctness limitation; no network traffic,Construct EFI path bytes from installer/boot-property descriptions before NVRAM synchronization,Privileged kernel parser; representation does not establish device activity or caller authorization,Enclosing exact-reference BaseSystem provenance; KC SHA256=c80161fa3065883753fc285339281361a8469cbb6fb27653c88e2a22eb4807a4; no new standalone signature claim,OSDictionary; OSNumber/OSString/OSBoolean/OSArray; OSData; common iterator/cleanup; related helpers where described,ParseMACAddress uses four %x assignments and copies four low bytes into zeroed32byte address field; fails unless assignment count4,Observed in retained reference-matching Apple image; capability expected for boot-path construction; documented encoding/parser limits require caller and firmware-consumer analysis,createEFIDevicePathFromArray0xffffff80014866a0..1488c94; name reference=0xffffff8001487622; original-byte-checked provider.instructions.json; continuation converter-new.* and converter-types.json,Producer ranges; firmware interpretation; allocation-failure reachability; live MAC/AMFI/SIP policy; registry-derived alternative path,createEFIDevicePathForDTEntry0xffffff8001488c94..148ae65 and exact OSUnserializeXML consumers,03/0b;37,MacAddress:string; IfType:number8,None,Observed static field/branch behavior; runtime effects Unknown,Bounded field/type/width/error/append review; not whole-object closure
BootKernelExtensions.kc / AppleACPIPlatform / MessagingIPv4,Mach-O fileset member; x86_64,Shorter than pinned EDK II27byte IPv4 structure; compatibility unknown,Construct EFI path bytes from installer/boot-property descriptions before NVRAM synchronization,Privileged kernel parser; representation does not establish device activity or caller authorization,Enclosing exact-reference BaseSystem provenance; KC SHA256=c80161fa3065883753fc285339281361a8469cbb6fb27653c88e2a22eb4807a4; no new standalone signature claim,OSDictionary; OSNumber/OSString/OSBoolean/OSArray; OSData; common iterator/cleanup; related helpers where described,"Present well-typed local string must parse; parser scans four signed decimals, stores low bytes, checks count4; no branch range/full-consumption check; no gateway/mask in19byte form",Observed in retained reference-matching Apple image; capability expected for boot-path construction; documented encoding/parser limits require caller and firmware-consumer analysis,createEFIDevicePathFromArray0xffffff80014866a0..1488c94; name reference=0xffffff80014877db; original-byte-checked provider.instructions.json; continuation converter-new.* and converter-types.json,Producer ranges; firmware interpretation; allocation-failure reachability; live MAC/AMFI/SIP policy; registry-derived alternative path,createEFIDevicePathForDTEntry0xffffff8001488c94..148ae65 and exact OSUnserializeXML consumers,03/0c;19,RemoteIpAddress:string,LocalIpAddress:string=0; LocalPort:number16=0; RemotePort:number16=0; Protocol:number16=0; StaticIpAddress:boolean=0,Observed static field/branch behavior; runtime effects Unknown,Bounded field/type/width/error/append review; not whole-object closure
BootKernelExtensions.kc / AppleACPIPlatform / MessagingUSB,Mach-O fileset member; x86_64,USB boot-device location only; no usbmux/restore session,Construct EFI path bytes from installer/boot-property descriptions before NVRAM synchronization,Privileged kernel parser; representation does not establish device activity or caller authorization,Enclosing exact-reference BaseSystem provenance; KC SHA256=c80161fa3065883753fc285339281361a8469cbb6fb27653c88e2a22eb4807a4; no new standalone signature claim,OSDictionary; OSNumber/OSString/OSBoolean/OSArray; OSData; common iterator/cleanup; related helpers where described,"Two required OSNumber casts, getters store bytes; missing/wrong type rejects",Observed in retained reference-matching Apple image; capability expected for boot-path construction; documented encoding/parser limits require caller and firmware-consumer analysis,createEFIDevicePathFromArray0xffffff80014866a0..1488c94; name reference=0xffffff8001487997; original-byte-checked provider.instructions.json; continuation converter-new.* and converter-types.json,Producer ranges; firmware interpretation; allocation-failure reachability; live MAC/AMFI/SIP policy; registry-derived alternative path,createEFIDevicePathForDTEntry0xffffff8001488c94..148ae65 and exact OSUnserializeXML consumers,03/05;6,ParentPortNumber:number8; InterfaceNumber:number8,None,Observed static field/branch behavior; runtime effects Unknown,Bounded field/type/width/error/append review; not whole-object closure
BootKernelExtensions.kc / AppleACPIPlatform / MessagingUSBClass,Mach-O fileset member; x86_64,USB class-match boot description; no USB transfer,Construct EFI path bytes from installer/boot-property descriptions before NVRAM synchronization,Privileged kernel parser; representation does not establish device activity or caller authorization,Enclosing exact-reference BaseSystem provenance; KC SHA256=c80161fa3065883753fc285339281361a8469cbb6fb27653c88e2a22eb4807a4; no new standalone signature claim,OSDictionary; OSNumber/OSString/OSBoolean/OSArray; OSData; common iterator/cleanup; related helpers where described,Five required OSNumber casts; no additional field-range check before append,Observed in retained reference-matching Apple image; capability expected for boot-path construction; documented encoding/parser limits require caller and firmware-consumer analysis,createEFIDevicePathFromArray0xffffff80014866a0..1488c94; name reference=0xffffff8001487a64; original-byte-checked provider.instructions.json; continuation converter-new.* and converter-types.json,Producer ranges; firmware interpretation; allocation-failure reachability; live MAC/AMFI/SIP policy; registry-derived alternative path,createEFIDevicePathForDTEntry0xffffff8001488c94..148ae65 and exact OSUnserializeXML consumers,03/0f;11,VendorId:number16; ProductId:number16; DeviceClass:number8; DeviceSubClass:number8; DeviceProtocol:number8,None,Observed static field/branch behavior; runtime effects Unknown,Bounded field/type/width/error/append review; not whole-object closure
BootKernelExtensions.kc / AppleACPIPlatform / MessagingNetbootProtocol,Mach-O fileset member; x86_64,Network-boot protocol description; no socket or packet,Construct EFI path bytes from installer/boot-property descriptions before NVRAM synchronization,Privileged kernel parser; representation does not establish device activity or caller authorization,Enclosing exact-reference BaseSystem provenance; KC SHA256=c80161fa3065883753fc285339281361a8469cbb6fb27653c88e2a22eb4807a4; no new standalone signature claim,OSDictionary; OSNumber/OSString/OSBoolean/OSArray; OSData; common iterator/cleanup; related helpers where described,Vendor GUID f890cd5d-15f4-496a-99d1-180c084e6b27; parsed Protocol GUID is16byte payload,Observed in retained reference-matching Apple image; capability expected for boot-path construction; documented encoding/parser limits require caller and firmware-consumer analysis,createEFIDevicePathFromArray0xffffff80014866a0..1488c94; name reference=0xffffff8001487beb; original-byte-checked provider.instructions.json; continuation converter-new.* and converter-types.json,Producer ranges; firmware interpretation; allocation-failure reachability; live MAC/AMFI/SIP policy; registry-derived alternative path,createEFIDevicePathForDTEntry0xffffff8001488c94..148ae65 and exact OSUnserializeXML consumers,03/0a;36,Protocol:string GUID,None,Observed static field/branch behavior; runtime effects Unknown,Bounded field/type/width/error/append review; not whole-object closure
BootKernelExtensions.kc / AppleACPIPlatform / MessagingDiskImage,Mach-O fileset member; x86_64,Nested boot-path container; no DMG mounting. Local recursion-depth guard not seen; upstream parser constraints open,Construct EFI path bytes from installer/boot-property descriptions before NVRAM synchronization,Privileged kernel parser; representation does not establish device activity or caller authorization,Enclosing exact-reference BaseSystem provenance; KC SHA256=c80161fa3065883753fc285339281361a8469cbb6fb27653c88e2a22eb4807a4; no new standalone signature claim,OSDictionary; OSNumber/OSString/OSBoolean/OSArray; OSData; common iterator/cleanup; related helpers where described,Vendor GUID004b07e8-0b9c-427e-b0d4-a466e6e57a62; recursively converts array then appends20byte wrapper and full child OSData; null child rejects; two append results ignored,Observed in retained reference-matching Apple image; capability expected for boot-path construction; documented encoding/parser limits require caller and firmware-consumer analysis,createEFIDevicePathFromArray0xffffff80014866a0..1488c94; name reference=0xffffff8001487cab; original-byte-checked provider.instructions.json; continuation converter-new.* and converter-types.json,Producer ranges; firmware interpretation; allocation-failure reachability; live MAC/AMFI/SIP policy; registry-derived alternative path,createEFIDevicePathForDTEntry0xffffff8001488c94..148ae65 and exact OSUnserializeXML consumers,03/0a;20+child length (header narrowed16),ImagePath:array,Recursive call passes null boot-option/description outputs,Observed static field/branch behavior; runtime effects Unknown,Bounded field/type/width/error/append review; not whole-object closure
BootKernelExtensions.kc / AppleACPIPlatform / MediaHardDrive,Mach-O fileset member; x86_64,Disk partition path metadata; no partition-table modification,Construct EFI path bytes from installer/boot-property descriptions before NVRAM synchronization,Privileged kernel parser; representation does not establish device activity or caller authorization,Enclosing exact-reference BaseSystem provenance; KC SHA256=c80161fa3065883753fc285339281361a8469cbb6fb27653c88e2a22eb4807a4; no new standalone signature claim,OSDictionary; OSNumber/OSString/OSBoolean/OSArray; OSData; common iterator/cleanup; related helpers where described,All six required; ParseGuid failure rejects; no branch cross-check of MBR/signature enums or partition arithmetic,Observed in retained reference-matching Apple image; capability expected for boot-path construction; documented encoding/parser limits require caller and firmware-consumer analysis,createEFIDevicePathFromArray0xffffff80014866a0..1488c94; name reference=0xffffff8001487dbf; original-byte-checked provider.instructions.json; continuation converter-new.* and converter-types.json,Producer ranges; firmware interpretation; allocation-failure reachability; live MAC/AMFI/SIP policy; registry-derived alternative path,createEFIDevicePathForDTEntry0xffffff8001488c94..148ae65 and exact OSUnserializeXML consumers,04/01;42,PartitionNumber:number32; PartitionStart:number64; PartitionSize:number64; MBRType:number8; SignatureType:number8; Signature:string GUID,None,Observed static field/branch behavior; runtime effects Unknown,Bounded field/type/width/error/append review; not whole-object closure
BootKernelExtensions.kc / AppleACPIPlatform / MediaCDROM,Mach-O fileset member; x86_64,Optical boot media representation,Construct EFI path bytes from installer/boot-property descriptions before NVRAM synchronization,Privileged kernel parser; representation does not establish device activity or caller authorization,Enclosing exact-reference BaseSystem provenance; KC SHA256=c80161fa3065883753fc285339281361a8469cbb6fb27653c88e2a22eb4807a4; no new standalone signature claim,OSDictionary; OSNumber/OSString/OSBoolean/OSArray; OSData; common iterator/cleanup; related helpers where described,"All three required; unlike common append block, append Boolean is checked at808c..8094",Observed in retained reference-matching Apple image; capability expected for boot-path construction; documented encoding/parser limits require caller and firmware-consumer analysis,createEFIDevicePathFromArray0xffffff80014866a0..1488c94; name reference=0xffffff8001487f80; original-byte-checked provider.instructions.json; continuation converter-new.* and converter-types.json,Producer ranges; firmware interpretation; allocation-failure reachability; live MAC/AMFI/SIP policy; registry-derived alternative path,createEFIDevicePathForDTEntry0xffffff8001488c94..148ae65 and exact OSUnserializeXML consumers,04/02;24,BootEntry:number32; PartitionStart:number64; PartitionSize:number64,None,Observed static field/branch behavior; runtime effects Unknown,Bounded field/type/width/error/append review; not whole-object closure
BootKernelExtensions.kc / AppleACPIPlatform / MediaFilePath,Mach-O fileset member; x86_64,Path conversion/truncation boundary; firmware acceptance not shown,Construct EFI path bytes from installer/boot-property descriptions before NVRAM synchronization,Privileged kernel parser; representation does not establish device activity or caller authorization,Enclosing exact-reference BaseSystem provenance; KC SHA256=c80161fa3065883753fc285339281361a8469cbb6fb27653c88e2a22eb4807a4; no new standalone signature claim,OSDictionary; OSNumber/OSString/OSBoolean/OSArray; OSData; common iterator/cleanup; related helpers where described,Builder allocates (4*strlen+2) modulo32; decoder count16; header length=(2*count+6) modulo16; payload=2*((count+1) modulo16); append returns ignored; return tests allocation only,Observed in retained reference-matching Apple image; capability expected for boot-path construction; documented encoding/parser limits require caller and firmware-consumer analysis,createEFIDevicePathFromArray0xffffff80014866a0..1488c94; name reference=0xffffff80014880a5; original-byte-checked provider.instructions.json; continuation converter-new.* and converter-types.json,Producer ranges; firmware interpretation; allocation-failure reachability; live MAC/AMFI/SIP policy; registry-derived alternative path,createEFIDevicePathForDTEntry0xffffff8001488c94..148ae65 and exact OSUnserializeXML consumers,04/04;4+UTF16+NUL; length16,Path:string,None,Observed static field/branch behavior; runtime effects Unknown,Bounded field/type/width/error/append review; not whole-object closure
BootKernelExtensions.kc / AppleACPIPlatform / MediaFirmwareVolumeFilePath,Mach-O fileset member; x86_64,Firmware-volume file selector; does not load/verify its image,Construct EFI path bytes from installer/boot-property descriptions before NVRAM synchronization,Privileged kernel parser; representation does not establish device activity or caller authorization,Enclosing exact-reference BaseSystem provenance; KC SHA256=c80161fa3065883753fc285339281361a8469cbb6fb27653c88e2a22eb4807a4; no new standalone signature claim,OSDictionary; OSNumber/OSString/OSBoolean/OSArray; OSData; common iterator/cleanup; related helpers where described,ParseGuid must return true; emits20byte node but returns parser result irrespective of append result,Observed in retained reference-matching Apple image; capability expected for boot-path construction; documented encoding/parser limits require caller and firmware-consumer analysis,createEFIDevicePathFromArray0xffffff80014866a0..1488c94; name reference=0xffffff8001488132; original-byte-checked provider.instructions.json; continuation converter-new.* and converter-types.json,Producer ranges; firmware interpretation; allocation-failure reachability; live MAC/AMFI/SIP policy; registry-derived alternative path,createEFIDevicePathForDTEntry0xffffff8001488c94..148ae65 and exact OSUnserializeXML consumers,04/06;20,Guid:string GUID,None,Observed static field/branch behavior; runtime effects Unknown,Bounded field/type/width/error/append review; not whole-object closure
