id,source_audit_location,source_match,public_analysis,public_corrob
REF-001,STAGE2_COMPARISON.md:5,relevant source section; ID absent from narrative,findings/ref.md#ref-001,
REF-002,STAGE2_COMPARISON.md:5,relevant source section; ID absent from narrative,findings/ref.md#ref-002,
RAM-001,STAGE4_RAMROD.md:50,relevant source section; ID absent from narrative,findings/ram.md#ram-001,
USB-001,REPORT.md:89,relevant source section; ID absent from narrative,findings/usb.md#usb-001,
USB-002,REPORT.md:118,relevant source section; ID absent from narrative,findings/usb.md#usb-002,
SIG-001,REPORT.md:160,relevant source section; ID absent from narrative,findings/sig.md#sig-001,
FW-001,REPORT.md:126,relevant source section; ID absent from narrative,findings/fw.md#fw-001,
REF-003,STAGE2_COMPARISON.md:61,relevant source section; ID absent from narrative,findings/ref.md#ref-003,
REF-004,STAGE2_COMPARISON.md:19,relevant source section; ID absent from narrative,findings/ref.md#ref-004,evidence/measurements.json
SIG-002,STAGE2_COMPARISON.md:79,relevant source section; ID absent from narrative,findings/sig.md#sig-002,
FW-002,STAGE3_FIRMWARE.md:109,relevant source section; ID absent from narrative,findings/fw.md#fw-002,
FW-003,STAGE3_FIRMWARE.md:117,relevant source section; ID absent from narrative,findings/fw.md#fw-003,
SIG-003,STAGE3_FIRMWARE.md:27,relevant source section; ID absent from narrative,findings/sig.md#sig-003,evidence/measurements.json
SIG-004,STAGE3_FIRMWARE.md:166,relevant source section; ID absent from narrative,findings/sig.md#sig-004,evidence/measurements.json
FW-004,STAGE3_FIRMWARE.md:192,relevant source section; ID absent from narrative,findings/fw.md#fw-004,
SIG-005,STAGE3_FIRMWARE.md:52,relevant source section; ID absent from narrative,findings/sig.md#sig-005,
SIG-006,STAGE3_FIRMWARE.md:66,relevant source section; ID absent from narrative,findings/sig.md#sig-006,
FW-005,STAGE3_FIRMWARE.md:180,relevant source section; ID absent from narrative,findings/fw.md#fw-005,
SIG-007,STAGE3_FIRMWARE.md:88,relevant source section; ID absent from narrative,findings/sig.md#sig-007,
SIG-008,STAGE3_FIRMWARE.md:9,relevant source section; ID absent from narrative,findings/sig.md#sig-008,evidence/measurements.json
RAM-002,STAGE4_RAMROD.md:76,relevant source section; ID absent from narrative,findings/ram.md#ram-002,
RAM-003,STAGE4_RAMROD.md:104,relevant source section; ID absent from narrative,findings/ram.md#ram-003,
RAM-004,STAGE4_RAMROD.md:119,relevant source section; ID absent from narrative,findings/ram.md#ram-004,
RAM-005,STAGE4_RAMROD.md:145,relevant source section; ID absent from narrative,findings/ram.md#ram-005,
RAM-006,STAGE4_RAMROD.md:184,relevant source section; ID absent from narrative,findings/ram.md#ram-006,
RAM-007,STAGE4_RAMROD.md:217,relevant source section; ID absent from narrative,findings/ram.md#ram-007,
RAM-008,STAGE4_RAMROD.md:236,relevant source section; ID absent from narrative,findings/ram.md#ram-008,
RAM-009,STAGE4_RAMROD.md:265,relevant source section; ID absent from narrative,findings/ram.md#ram-009,
CFG-001,STAGE5_CONFIGURATION.md:49,explicit ID in source narrative,findings/cfg.md#cfg-001,
CFG-002,STAGE5_CONFIGURATION.md:50,explicit ID in source narrative,findings/cfg.md#cfg-002,
CFG-003,STAGE5_CONFIGURATION.md:51,explicit ID in source narrative,findings/cfg.md#cfg-003,
RAM-010,publication/README.md:1923,explicit ID in source narrative,findings/ram.md#ram-010,
RAM-011,publication/README.md:1923,explicit ID in source narrative,findings/ram.md#ram-011,
CFG-004,publication/README.md:347,explicit ID in source narrative,findings/cfg.md#cfg-004,
SVC-001,publication/README.md:355,explicit ID in source narrative,findings/svc.md#svc-001,
SVC-002,publication/README.md:359,explicit ID in source narrative,findings/svc.md#svc-002,
SVC-003,publication/README.md:365,explicit ID in source narrative,findings/svc.md#svc-003,
SVC-004,publication/README.md:371,explicit ID in source narrative,findings/svc.md#svc-004,
SVC-005,publication/README.md:389,explicit ID in source narrative,findings/svc.md#svc-005,
SVC-006,publication/README.md:395,explicit ID in source narrative,findings/svc.md#svc-006,
SVC-007,publication/README.md:417,explicit ID in source narrative,findings/svc.md#svc-007,
SVC-008,publication/README.md:429,explicit ID in source narrative,findings/svc.md#svc-008,
SVC-009,publication/README.md:446,explicit ID in source narrative,findings/svc.md#svc-009,
SVC-010,publication/README.md:456,explicit ID in source narrative,findings/svc.md#svc-010,
SVC-011,publication/README.md:469,explicit ID in source narrative,findings/svc.md#svc-011,
SVC-012,publication/README.md:484,explicit ID in source narrative,findings/svc.md#svc-012,
SVC-013,publication/README.md:494,explicit ID in source narrative,findings/svc.md#svc-013,
SVC-014,publication/README.md:504,explicit ID in source narrative,findings/svc.md#svc-014,
SVC-015,publication/README.md:504,explicit ID in source narrative,findings/svc.md#svc-015,
SVC-016,publication/README.md:522,explicit ID in source narrative,findings/svc.md#svc-016,
SVC-017,publication/README.md:534,explicit ID in source narrative,findings/svc.md#svc-017,
SVC-018,publication/README.md:542,explicit ID in source narrative,findings/svc.md#svc-018,
SVC-019,publication/README.md:555,explicit ID in source narrative,findings/svc.md#svc-019,
SVC-020,publication/README.md:565,explicit ID in source narrative,findings/svc.md#svc-020,
SVC-021,publication/README.md:578,explicit ID in source narrative,findings/svc.md#svc-021,
SVC-022,publication/README.md:565,explicit ID in source narrative,findings/svc.md#svc-022,
SVC-023,publication/README.md:600,explicit ID in source narrative,findings/svc.md#svc-023,
SVC-024,publication/README.md:610,explicit ID in source narrative,findings/svc.md#svc-024,
SVC-025,publication/README.md:654,explicit ID in source narrative,findings/svc.md#svc-025,
SVC-026,publication/README.md:679,explicit ID in source narrative,findings/svc.md#svc-026,
SVC-027,publication/README.md:709,explicit ID in source narrative,findings/svc.md#svc-027,
SVC-028,publication/README.md:742,explicit ID in source narrative,findings/svc.md#svc-028,
SVC-029,publication/README.md:769,explicit ID in source narrative,findings/svc.md#svc-029,
SVC-030,publication/README.md:791,explicit ID in source narrative,findings/svc.md#svc-030,
RAM-012,publication/README.md:1933,explicit ID in source narrative,findings/ram.md#ram-012,
RAM-013,publication/README.md:1954,explicit ID in source narrative,findings/ram.md#ram-013,
RAM-014,publication/README.md:1976,explicit ID in source narrative,findings/ram.md#ram-014,
RAM-015,publication/README.md:2000,explicit ID in source narrative,findings/ram.md#ram-015,
SIG-009,publication/README.md:2041,explicit ID in source narrative,findings/sig.md#sig-009,
SIG-010,publication/README.md:2019,explicit ID in source narrative,findings/sig.md#sig-010,
NET-001,publication/README.md:810,explicit ID in source narrative,findings/net.md#net-001,
NET-002,publication/README.md:850,explicit ID in source narrative,findings/net.md#net-002,
NET-003,publication/README.md:896,explicit ID in source narrative,findings/net.md#net-003,
NET-004,publication/README.md:918,explicit ID in source narrative,findings/net.md#net-004,
NET-005,publication/README.md:981,explicit ID in source narrative,findings/net.md#net-005,
NET-006,publication/README.md:961,explicit ID in source narrative,findings/net.md#net-006,
NET-007,publication/README.md:1005,explicit ID in source narrative,findings/net.md#net-007,
NET-008,publication/README.md:1052,explicit ID in source narrative,findings/net.md#net-008,
NET-009,publication/README.md:1088,explicit ID in source narrative,findings/net.md#net-009,
NET-010,publication/README.md:1123,explicit ID in source narrative,findings/net.md#net-010,
NET-011,publication/README.md:1131,explicit ID in source narrative,findings/net.md#net-011,
NET-012,publication/README.md:1154,explicit ID in source narrative,findings/net.md#net-012,
NET-013,publication/README.md:1154,explicit ID in source narrative,findings/net.md#net-013,
NET-014,publication/README.md:1223,explicit ID in source narrative,findings/net.md#net-014,
FW-006,publication/README.md:1223,explicit ID in source narrative,findings/fw.md#fw-006,
FW-007,publication/README.md:1269,explicit ID in source narrative,findings/fw.md#fw-007,
FW-008,publication/README.md:1269,explicit ID in source narrative,findings/fw.md#fw-008,
FW-009,publication/README.md:1314,explicit ID in source narrative,findings/fw.md#fw-009,
FW-010,publication/README.md:1341,explicit ID in source narrative,findings/fw.md#fw-010,
FW-011,publication/README.md:1314,explicit ID in source narrative,findings/fw.md#fw-011,
FW-012,publication/README.md:1374,explicit ID in source narrative,findings/fw.md#fw-012,tables/firmware-helpers.csv
FW-013,publication/README.md:1408,explicit ID in source narrative,findings/fw.md#fw-013,tables/firmware-helpers.csv
FW-014,publication/README.md:1431,explicit ID in source narrative,findings/fw.md#fw-014,tables/firmware-helpers.csv
FW-015,publication/README.md:1408,explicit ID in source narrative,findings/fw.md#fw-015,tables/firmware-helpers.csv
FW-016,publication/README.md:1463,explicit ID in source narrative,findings/fw.md#fw-016,tables/efi-converter-branches.csv
FW-017,publication/README.md:1497,explicit ID in source narrative,findings/fw.md#fw-017,tables/efi-converter-branches.csv
FW-018,publication/README.md:1646,explicit ID in source narrative,findings/fw.md#fw-018,tables/efi-converter-branches.csv
FW-019,publication/README.md:1519,explicit ID in source narrative,findings/fw.md#fw-019,tables/efi-converter-branches.csv
FW-020,publication/README.md:1527,explicit ID in source narrative,findings/fw.md#fw-020,tables/efi-converter-branches.csv
FW-021,publication/README.md:1463,explicit ID in source narrative,findings/fw.md#fw-021,tables/efi-converter-branches.csv
