id,status,claim,evidence,limit,artifact,observation,interpretation,security_relevance,confidence,follow_up
REF-001,confirmed,Exact Apple catalog product 140-93587 identifies 25G83,Apple distribution and catalog records,Does not authenticate all local staged files,See existing evidence and README finding context,Exact Apple catalog product 140-93587 identifies 25G83,Prior scoped conclusion retained; see status and limit,See linked finding context; not independently re-rated in this segment,Unknown in this new field; prior status/evidence classification preserved,Does not authenticate all local staged files
REF-002,confirmed,Retained installer integrity metadata equals Apple-hosted metadata,Byte comparison and SHA256,Package contents require separate verification,See existing evidence and README finding context,Retained installer integrity metadata equals Apple-hosted metadata,Prior scoped conclusion retained; see status and limit,See linked finding context; not independently re-rated in this segment,Unknown in this new field; prior status/evidence classification preserved,Package contents require separate verification
RAM-001,bounded,Examined patch-plugin sealing call binds to main ramrod and enables root-hash validation,Chained-fixup binding; argument transfer; Image4 callback and failure gate,Other branches and runtime device policy remain unverified,See existing evidence and README finding context,Examined patch-plugin sealing call binds to main ramrod and enables root-hash validation,Prior scoped conclusion retained; see status and limit,See linked finding context; not independently re-rated in this segment,Unknown in this new field; prior status/evidence classification preserved,Other branches and runtime device policy remain unverified
USB-001,confirmed,Proxy service definition references absent executable,Ramdisk inventory and launch plist,Other runtime sources not established,See existing evidence and README finding context,Proxy service definition references absent executable,Prior scoped conclusion retained; see status and limit,See linked finding context; not independently re-rated in this segment,Unknown in this new field; prior status/evidence classification preserved,Other runtime sources not established
USB-002,confirmed,Control socket lacks explicit loopback binding,Proxy launch plist,No active listener or exploitability demonstrated,See existing evidence and README finding context,Control socket lacks explicit loopback binding,Prior scoped conclusion retained; see status and limit,See linked finding context; not independently re-rated in this segment,Unknown in this new field; prior status/evidence classification preserved,No active listener or exploitability demonstrated
SIG-001,bounded,Supported executable pages match embedded CodeDirectories,Code-page validation results,Certificate trust and resource envelopes are separate,See existing evidence and README finding context,Supported executable pages match embedded CodeDirectories,Prior scoped conclusion retained; see status and limit,See linked finding context; not independently re-rated in this segment,Unknown in this new field; prior status/evidence classification preserved,Certificate trust and resource envelopes are separate
FW-001,bounded,Three restore digest differences resolve by type-tag substitution,Restore firmware comparison,Device-side enforcement and full firmware analysis remain incomplete,See existing evidence and README finding context,Three restore digest differences resolve by type-tag substitution,Prior scoped conclusion retained; see status and limit,See linked finding context; not independently re-rated in this segment,Unknown in this new field; prior status/evidence classification preserved,Device-side enforcement and full firmware analysis remain incomplete
REF-003,confirmed,All 42 J160AP preflight component digests match local manifest,Official catalog preflight manifest comparison,Digest declarations do not prove every referenced file matches,See existing evidence and README finding context,All 42 J160AP preflight component digests match local manifest,Prior scoped conclusion retained; see status and limit,See linked finding context; not independently re-rated in this segment,Unknown in this new field; prior status/evidence classification preserved,Digest declarations do not prove every referenced file matches
REF-004,confirmed,1186 staged update files and three symlinks match exact official archive,Complete ZIP comparison with Apple catalog measurement,Four original staging files lack exact vendor byte references,See existing evidence and README finding context,1186 staged update files and three symlinks match exact official archive,Prior scoped conclusion retained; see status and limit,See linked finding context; not independently re-rated in this segment,Unknown in this new field; prior status/evidence classification preserved,Four original staging files lack exact vendor byte references
SIG-002,confirmed,906 strict verification failures map to identical official source content,Signature failure reconciliation ledger,Does not mean strict verification or all trust chains pass,See existing evidence and README finding context,906 strict verification failures map to identical official source content,Prior scoped conclusion retained; see status and limit,See linked finding context; not independently re-rated in this segment,Unknown in this new field; prior status/evidence classification preserved,Does not mean strict verification or all trust chains pass
FW-002,confirmed,FTAB and DP855 declared digests reproduced from internal measured regions,Stage 3 firmware report and digest reconstruction records,DP855 region layout inferred for this artifact; device verifier not traced,See existing evidence and README finding context,FTAB and DP855 declared digests reproduced from internal measured regions,Prior scoped conclusion retained; see status and limit,See linked finding context; not independently re-rated in this segment,Unknown in this new field; prior status/evidence classification preserved,DP855 region layout inferred for this artifact; device verifier not traced
FW-003,confirmed,All 36 UARP digest lists and 12 manifest board selections reproduced,126 revision-rule measurements and board selection ledger,No controller session or installed revision observed,See existing evidence and README finding context,All 36 UARP digest lists and 12 manifest board selections reproduced,Prior scoped conclusion retained; see status and limit,See linked finding context; not independently re-rated in this segment,Unknown in this new field; prior status/evidence classification preserved,No controller session or installed revision observed
SIG-003,bounded,868 standalone and one nested Image4 ticket signatures verify; 25 certificate signatures link to library roots,Ticket and certificate signature ledgers; official-reference-matched libimage4,Complete Image4 policy and hardware root state not evaluated,See existing evidence and README finding context,868 standalone and one nested Image4 ticket signatures verify; 25 certificate signatures link to library roots,Prior scoped conclusion retained; see status and limit,See linked finding context; not independently re-rated in this segment,Unknown in this new field; prior status/evidence classification preserved,Complete Image4 policy and hardware root state not evaluated
SIG-004,bounded,All 69 PE EFI slices pass Apple-format signatures with a published public-key fingerprint,EFI verification ledger and OpenSSL cross-check,Product plaintext and outer PCI ROM signature mechanisms remain unverified,See existing evidence and README finding context,All 69 PE EFI slices pass Apple-format signatures with a published public-key fingerprint,Prior scoped conclusion retained; see status and limit,See linked finding context; not independently re-rated in this segment,Unknown in this new field; prior status/evidence classification preserved,Product plaintext and outer PCI ROM signature mechanisms remain unverified
FW-004,confirmed,Nine compressed PCI EFI payloads decode into bounded x86-64 PE drivers without certificate tables,Decompression size/hash/PE checks and saved disassembly,Outer ROM authentication and historical loading are separate,See existing evidence and README finding context,Nine compressed PCI EFI payloads decode into bounded x86-64 PE drivers without certificate tables,Prior scoped conclusion retained; see status and limit,See linked finding context; not independently re-rated in this segment,Unknown in this new field; prior status/evidence classification preserved,Outer ROM authentication and historical loading are separate
SIG-005,bounded,9702 signed object records satisfy examined certificate-role rules,869-ticket role ledger and three-mode negative controls,Not full hardware or device policy authorization,See existing evidence and README finding context,9702 signed object records satisfy examined certificate-role rules,Prior scoped conclusion retained; see status and limit,See linked finding context; not independently re-rated in this segment,Unknown in this new field; prior status/evidence classification preserved,Not full hardware or device policy authorization
SIG-006,partial,Three supplied trust-cache encodings match signed ticket digests directly; four do not,SHA384 of complete IM4P encodings compared to same-type DGST,Four encodings have signed official counterparts with identical entry arrays but different type and UUID; runtime selection remains unverified,See existing evidence and README finding context,Three supplied trust-cache encodings match signed ticket digests directly; four do not,Prior scoped conclusion retained; see status and limit,See linked finding context; not independently re-rated in this segment,Unknown in this new field; prior status/evidence classification preserved,Four encodings have signed official counterparts with identical entry arrays but different type and UUID; runtime selection remains unverified
FW-005,bounded,Product.efi wrapper dispatch depends on runtime-variable decryption material,Static diagnostic loader trace and wrapper length fields,No runtime material collected; plaintext and trailer remain unverified,See existing evidence and README finding context,Product.efi wrapper dispatch depends on runtime-variable decryption material,Prior scoped conclusion retained; see status and limit,See linked finding context; not independently re-rated in this segment,Unknown in this new field; prior status/evidence classification preserved,No runtime material collected; plaintext and trailer remain unverified
SIG-007,bounded,Four alternate trust-cache files have official signed counterparts with identical entry arrays,Full reference member hashes and byte-level counterpart comparison,Type and UUID differ; original encodings are not thereby directly signed,See existing evidence and README finding context,Four alternate trust-cache files have official signed counterparts with identical entry arrays,Prior scoped conclusion retained; see status and limit,See linked finding context; not independently re-rated in this segment,Unknown in this new field; prior status/evidence classification preserved,Type and UUID differ; original encodings are not thereby directly signed
SIG-008,bounded,All 2699 measured CodeDirectory records occur in the 15-cache official reference,Expanded code-hash correlation; 49 earlier nonmatches match an omitted system cryptex cache,Membership does not establish loading or effective device authorization,See existing evidence and README finding context,All 2699 measured CodeDirectory records occur in the 15-cache official reference,Prior scoped conclusion retained; see status and limit,See linked finding context; not independently re-rated in this segment,Unknown in this new field; prior status/evidence classification preserved,Membership does not establish loading or effective device authorization
RAM-002,bounded,Root-hash code requests xsys despite xmtr diagnostic text,Numeric tag and character formatting; 48 retained system tickets contain both objects,Does not establish live root-hash contents or execution,See existing evidence and README finding context,Root-hash code requests xsys despite xmtr diagnostic text,Prior scoped conclusion retained; see status and limit,See linked finding context; not independently re-rated in this segment,Unknown in this new field; prior status/evidence classification preserved,Does not establish live root-hash contents or execution
RAM-003,partial,Update.plist supplies typed skip-sealing and system-volume-verify-done controls,Resolved metadata; loader file path; Boolean checks and branch trace,Reference producer identified in RAM-006; full authorization and runtime file protections unverified; no runtime use established,See existing evidence and README finding context,Update.plist supplies typed skip-sealing and system-volume-verify-done controls,Prior scoped conclusion retained; see status and limit,See linked finding context; not independently re-rated in this segment,Unknown in this new field; prior status/evidence classification preserved,Reference producer identified in RAM-006; full authorization and runtime file protections unverified; no runtime use established
RAM-004,bounded,Ordinary loader path does not enter manifest or NVRAM override parser,True/false identity guard; raw bytes; fixup bindings; direct branch census,Assumes normal CoreFoundation bindings and ABI behavior; no arbitrary indirect-entry proof,See existing evidence and README finding context,Ordinary loader path does not enter manifest or NVRAM override parser,Prior scoped conclusion retained; see status and limit,See linked finding context; not independently re-rated in this segment,Unknown in this new field; prior status/evidence classification preserved,Assumes normal CoreFoundation bindings and ABI behavior; no arbitrary indirect-entry proof
RAM-005,bounded,All 27 examined softwareupdated command-table entries require a named Boolean-true XPC entitlement before dispatch,Stage 4D original bytes plus chained fixups and disassembly; dispatch-table.json,Only this dispatch path; reference producer identified in RAM-006; full options authorization and runtime protections unresolved,See existing evidence and README finding context,All 27 examined softwareupdated command-table entries require a named Boolean-true XPC entitlement before dispatch,Prior scoped conclusion retained; see status and limit,See linked finding context; not independently re-rated in this segment,Unknown in this new field; prior status/evidence classification preserved,Only this dispatch path; reference producer identified in RAM-006; full options authorization and runtime protections unresolved
RAM-006,bounded,Official-reference brain writes Update.plist; typed DoNotSeal feeds skip-sealing; writer requests atomic write and mode0644,Stage4E vendor-member comparison and x86_64 producer trace,Full authorization and historical file ownership ACLs and execution remain unverified,See existing evidence and README finding context,Official-reference brain writes Update.plist; typed DoNotSeal feeds skip-sealing; writer requests atomic write and mode0644,Prior scoped conclusion retained; see status and limit,See linked finding context; not independently re-rated in this segment,Unknown in this new field; prior status/evidence classification preserved,Full authorization and historical file ownership ACLs and execution remain unverified
RAM-007,bounded,Brain seven-command table requires named Boolean-true entitlements; gated PingService returns anonymous listener endpoint,Stage4F original x86_64 table bytes and dispatch endpoint excerpts,Static base receiver resolved in Stage4G; full runtime and command authorization chain unresolved; no unprivileged endpoint acquisition established,See existing evidence and README finding context,Brain seven-command table requires named Boolean-true entitlements; gated PingService returns anonymous listener endpoint,Prior scoped conclusion retained; see status and limit,See linked finding context; not independently re-rated in this segment,Unknown in this new field; prior status/evidence classification preserved,Static base receiver resolved in Stage4G; full runtime and command authorization chain unresolved; no unprivileged endpoint acquisition established
RAM-008,bounded,Static NSXPC receiver has returning prepare/apply bodies; separate gated command route has options transfer and apply session/lock checks,Stage4G original bytes and Objective-C metadata; fresh symbol-aware trace and 3958 instruction-byte checks,Transitive mutations and client/handle ownership/expiry unresolved; registration traced in Stage4I; no unauthorized route established,See existing evidence and README finding context,Static NSXPC receiver has returning prepare/apply bodies; separate gated command route has options transfer and apply session/lock checks,Prior scoped conclusion retained; see status and limit,See linked finding context; not independently re-rated in this segment,Unknown in this new field; prior status/evidence classification preserved,Transitive mutations and client/handle ownership/expiry unresolved; registration traced in Stage4I; no unauthorized route established
RAM-009,bounded,Verification-state flag set before manifest verification; two named direct callers propagate false; restored-state trust remains separate,Stage4H flag store0x74bf; verifier0x75bd; caller guards0x35822 and0x55b9c; restored Boolean0x37634,Early flag timing is not a bypass; Stage4I narrows flag0x80 provenance; failed-verification lifecycle and callback semantics remain unresolved,See existing evidence and README finding context,Verification-state flag set before manifest verification; two named direct callers propagate false; restored-state trust remains separate,Prior scoped conclusion retained; see status and limit,See linked finding context; not independently re-rated in this segment,Unknown in this new field; prior status/evidence classification preserved,Early flag timing is not a bypass; Stage4I narrows flag0x80 provenance; failed-verification lifecycle and callback semantics remain unresolved
CFG-001,bounded,78465 selected plist candidates freshly hash-match inventory and parse across seven scopes,Stage5A per-scope JSONL and summaries; 79071 candidates,606 protected candidates unreadable; structural parse does not establish semantic review; unnamed embedded plists outside selection,See existing evidence and README finding context,78465 selected plist candidates freshly hash-match inventory and parse across seven scopes,Prior scoped conclusion retained; see status and limit,See linked finding context; not independently re-rated in this segment,Unknown in this new field; prior status/evidence classification preserved,606 protected candidates unreadable; structural parse does not establish semantic review; unnamed embedded plists outside selection
CFG-002,resolved,Seven Intel Python XML parser failures are accepted by Apple plutil and parse via native conversion,Stage5A native-plist-reconciliation.json and matched source hashes,Parser compatibility result for these bytes; not a general parser-security assessment,See existing evidence and README finding context,Seven Intel Python XML parser failures are accepted by Apple plutil and parse via native conversion,Prior scoped conclusion retained; see status and limit,See linked finding context; not independently re-rated in this segment,Unknown in this new field; prior status/evidence classification preserved,Parser compatibility result for these bytes; not a general parser-security assessment
CFG-003,bounded,475 of 477 launch-directory plists declare programs; 439 resolve within same image and 36 require deployment review,Stage5A launch-service-map.json with image-relative symlink resolution; two other files are jetsam policy dictionaries,Declarations are not execution or reachability; missing same-image programs alone do not establish compromise,See existing evidence and README finding context,475 of 477 launch-directory plists declare programs; 439 resolve within same image and 36 require deployment review,Prior scoped conclusion retained; see status and limit,See linked finding context; not independently re-rated in this segment,Unknown in this new field; prior status/evidence classification preserved,Declarations are not execution or reachability; missing same-image programs alone do not establish compromise
RAM-010,bounded,Zeroed saved-context loader populates named fields; no ordinary local write sets flag0x80 selecting validation shortcut,Stage4I calloc and bzero0x36fbe/0x36fdb; flag writes0x370cb/0x37110/0x371c8/0x372dc; 87 base-register references,No plist-selectable bypass demonstrated; local ordinary-code trace is not complete transitive analysis or a memory-safety proof,See existing evidence and README finding context,Zeroed saved-context loader populates named fields; no ordinary local write sets flag0x80 selecting validation shortcut,Prior scoped conclusion retained; see status and limit,See linked finding context; not independently re-rated in this segment,Unknown in this new field; prior status/evidence classification preserved,No plist-selectable bypass demonstrated; local ordinary-code trace is not complete transitive analysis or a memory-safety proof
RAM-011,bounded,Prepare/resume register numeric context handles; apply/suspend require membership; suspend tests writer failure and attempts output deletion,Stage4I set creation0x41c5e; insertions0x3fe99/0x41786; membership0x40a00/0x41576; resume guard0x4e848; failed-write cleanup0x4e760,Handle ownership expiry and failed-verification-to-suspension lifecycle unresolved; serialization failure differs from verification failure; no unauthorized handle established,See existing evidence and README finding context,Prepare/resume register numeric context handles; apply/suspend require membership; suspend tests writer failure and attempts output deletion,Prior scoped conclusion retained; see status and limit,See linked finding context; not independently re-rated in this segment,Unknown in this new field; prior status/evidence classification preserved,Handle ownership expiry and failed-verification-to-suspension lifecycle unresolved; serialization failure differs from verification failure; no unauthorized handle established
CFG-004,bounded,Stage5B reconciles 477 launch plist hash references and classifies 19 socket groups; 11 of 36 unresolved declarations have cross-image path candidates,Stage5B socket-declarations.json; unresolved-programs.json; seven saved inventories; 14 filesystem socket groups and 5 service-name groups,Cross-image names do not prove deployment; no active listener authentication pairing or remote session measured; missing consumer alone does not preclude launchd socket registration,See existing evidence and README finding context,Stage5B reconciles 477 launch plist hash references and classifies 19 socket groups; 11 of 36 unresolved declarations have cross-image path candidates,Prior scoped conclusion retained; see status and limit,See linked finding context; not independently re-rated in this segment,Unknown in this new field; prior status/evidence classification preserved,Cross-image names do not prove deployment; no active listener authentication pairing or remote session measured; missing consumer alone does not preclude launchd socket registration
SVC-001,bounded,Intel remoted CoreDevice handler checks caller audit-token entitlement presence; separate device-admin helper controls sensitive-property descriptions,Stage5C remoted listener block0x100063040; token lookup0x100003dae; missing-object branch0x100003dc6; helper0x10002c9b8 and selector0x10002b924,Presence check differs from Boolean-true check; not complete command authorization or network-peer authentication; no unauthorized route established,See existing evidence and README finding context,Intel remoted CoreDevice handler checks caller audit-token entitlement presence; separate device-admin helper controls sensitive-property descriptions,Prior scoped conclusion retained; see status and limit,See linked finding context; not independently re-rated in this segment,Unknown in this new field; prior status/evidence classification preserved,Presence check differs from Boolean-true check; not complete command authorization or network-peer authentication; no unauthorized route established
SVC-002,bounded,Intel BaseSystem PAM module delegates to sshd-fvunlock through a pipe and checks helper failures before success reboot transition,Stage5C matched PAM module; spawn0x87c; pipe write0x8d1; wait0x8f7; exit classification0x973; reboot3 call0xa29; version-bounded Apple FileVault documentation,Stage5D extends helper AKS/APFS tracing; backend throttling full target/input mapping and PAM module resolution remain open; Remote Login enabled state and historical unlocking unmeasured,See existing evidence and README finding context,Intel BaseSystem PAM module delegates to sshd-fvunlock through a pipe and checks helper failures before success reboot transition,Prior scoped conclusion retained; see status and limit,See linked finding context; not independently re-rated in this segment,Unknown in this new field; prior status/evidence classification preserved,Stage5D extends helper AKS/APFS tracing; backend throttling full target/input mapping and PAM module resolution remain open; Remote Login enabled state and historical unlocking unmeasured
SVC-003,bounded,Identical USB mux sandbox profiles use active deny-default plus explicit grants; broad allow-default examples are comments,Stage5C both profile hashes04dce17fc70baebcc38bbec7711208986808baa2f2621c29262d67f1e937aab9; retained profile text,Imported policy composition and actual consumer untraced; capabilities do not prove execution pairing or network traffic,See existing evidence and README finding context,Identical USB mux sandbox profiles use active deny-default plus explicit grants; broad allow-default examples are comments,Prior scoped conclusion retained; see status and limit,See linked finding context; not independently re-rated in this segment,Unknown in this new field; prior status/evidence classification preserved,Imported policy composition and actual consumer untraced; capabilities do not prove execution pairing or network traffic
SVC-004,bounded,Intel sshd-fvunlock checks AKS status and caller error state before APFS unlock loop; subsequent ACM callback logs policy result without constructing an authentication error,Stage5D inventory-matched helper f3632d5a884f458c2f8446f498f4f9f004eac5a6ad8b0e5bb301359c0e76b99e; AKS gate0x100007435; caller0x1000039be; APFS0x1000045fa; callback0x100004aa0; function-start and LLDB entry checks,Not a bypass finding; backend verifier throttling full target/input mapping ARM equivalence and runtime unlocking remain unverified; public source version differs,See existing evidence and README finding context,Intel sshd-fvunlock checks AKS status and caller error state before APFS unlock loop; subsequent ACM callback logs policy result without constructing an authentication error,Prior scoped conclusion retained; see status and limit,See linked finding context; not independently re-rated in this segment,Unknown in this new field; prior status/evidence classification preserved,Not a bypass finding; backend verifier throttling full target/input mapping ARM equivalence and runtime unlocking remain unverified; public source version differs
SVC-005,bounded,Intel remoted local and remote service policy producers and override precedence traced with three access-helper callers,Stage5E local init0x100005494; description writer0x100005cf7; remote constructor0x10000c956; gate0x100029d88; callers0x10000c600 0x10002cc0c 0x10002d2a7,Remote description provenance and transport identity unresolved; entitlement presence is not Boolean true; no unauthorized override or complete connection authorization established,See existing evidence and README finding context,Intel remoted local and remote service policy producers and override precedence traced with three access-helper callers,Prior scoped conclusion retained; see status and limit,See linked finding context; not independently re-rated in this segment,Unknown in this new field; prior status/evidence classification preserved,Remote description provenance and transport identity unresolved; entitlement presence is not Boolean true; no unauthorized override or complete connection authorization established
SVC-006,bounded,Sixteen RemoteServices declarations and selected remoted exposure-policy branches reviewed; missing EncryptSocketData defaults false in local description,Stage5E 14 hash-linked plist paths; setExposePolicy0x100005ee0; selected serviceWantsToBeExposedToDevice branches; default writer0x100005e37,Exposure flags do not establish activation or unauthenticated access; per-service encryption property does not prove outer transport plaintext; ARM control flow and full policy composition untraced,See existing evidence and README finding context,Sixteen RemoteServices declarations and selected remoted exposure-policy branches reviewed; missing EncryptSocketData defaults false in local description,Prior scoped conclusion retained; see status and limit,See linked finding context; not independently re-rated in this segment,Unknown in this new field; prior status/evidence classification preserved,Exposure flags do not establish activation or unauthenticated access; per-service encryption property does not prove outer transport plaintext; ARM control flow and full policy composition untraced
SVC-007,bounded,Intel remoted checks required TLS before ordinary handshake completion and supplies a separate Boolean verification callback to RemoteXPC,Stage5F policy mapper0x10001c7a4; negotiation0x100007b9f; required check0x100007f37; cancel0x100008097; set_tls0x100008458; callback0x100008bc8; authentication helper0x10001f9dc,Enable flag is negotiation intent not crypto success; certificate evaluator identity provenance backend policy RemoteXPC enforcement and accepted-description integrity unresolved; no runtime authentication measured,See existing evidence and README finding context,Intel remoted checks required TLS before ordinary handshake completion and supplies a separate Boolean verification callback to RemoteXPC,Prior scoped conclusion retained; see status and limit,See linked finding context; not independently re-rated in this segment,Unknown in this new field; prior status/evidence classification preserved,Enable flag is negotiation intent not crypto success; certificate evaluator identity provenance backend policy RemoteXPC enforcement and accepted-description integrity unresolved; no runtime authentication measured
SVC-008,bounded,Intel remoted conditionally verifies DCRT/DAK and compares attested public key with selected peer certificate; two embedded roots match Apple public constants,Stage5G evaluator0x10001fec9; trust helper0x1000230de; AKS verify0x100021130; equality0x100021264; two extracted root self-signatures and DER hash matches,Required OID set and device type determine paths; chassis and AKS internals remain incomplete; public Security source not exact-build verification; no peer authentication tested,See existing evidence and README finding context,Intel remoted conditionally verifies DCRT/DAK and compares attested public key with selected peer certificate; two embedded roots match Apple public constants,Prior scoped conclusion retained; see status and limit,See linked finding context; not independently re-rated in this segment,Unknown in this new field; prior status/evidence classification preserved,Required OID set and device type determine paths; chassis and AKS internals remain incomplete; public Security source not exact-build verification; no peer authentication tested
SVC-009,requires investigation,Intel remoted DCRT helper accepts certain expiration failures through either expired-only check or error domain/code match,Stage5G SecTrustEvaluateWithError0x1000238db; SecTrustIsExpiredOnly0x1000238ec; NSOSStatusErrorDomain/-67818 match0x10002390a; null-error success0x100023ba5,Domain/code fallback does not itself inspect all trust failures; exact-build aggregation and effective peer policy unresolved; no arbitrary certificate acceptance or exploitable bypass demonstrated,See existing evidence and README finding context,Intel remoted DCRT helper accepts certain expiration failures through either expired-only check or error domain/code match,Prior scoped conclusion retained; see status and limit,See linked finding context; not independently re-rated in this segment,Unknown in this new field; prior status/evidence classification preserved,Domain/code fallback does not itself inspect all trust failures; exact-build aggregation and effective peer policy unresolved; no arbitrary certificate acceptance or exploitable bypass demonstrated
SVC-010,bounded,Intel remoted base/controller/node required-OID methods include DCRT and DAK; node conditionally adds chassis OID; ordinary chassis policy precedence and false default traced,Stage5H three constant arrays; four class methods; verification caller0x10001fa38; chassis helper0x10001a4e8; setting resolver0x10001c7ff,Loopback returns empty; TLS activation and all class inheritance not established; preferences implementation and effective settings unresolved,See existing evidence and README finding context,Intel remoted base/controller/node required-OID methods include DCRT and DAK; node conditionally adds chassis OID; ordinary chassis policy precedence and false default traced,Prior scoped conclusion retained; see status and limit,See linked finding context; not independently re-rated in this segment,Unknown in this new field; prior status/evidence classification preserved,Loopback returns empty; TLS activation and all class inheritance not established; preferences implementation and effective settings unresolved
SVC-011,requires investigation,Intel remoted outer chassis checks permit success on local-manifest-unavailable type16 or absent optional peer manifest type15,Stage5H null local manifest0x1000217b6 to success0x100021f3e; peer absence0x100021988 and policy0x1000220e0; optional success0x100022c43; present-invalid and matcher-result failure routes,Earlier DCRT/DAK requirements remain; inner matchers AMFDR and settings protections incomplete; no hostile input control or unauthorized peer access demonstrated,See existing evidence and README finding context,Intel remoted outer chassis checks permit success on local-manifest-unavailable type16 or absent optional peer manifest type15,Prior scoped conclusion retained; see status and limit,See linked finding context; not independently re-rated in this segment,Unknown in this new field; prior status/evidence classification preserved,Earlier DCRT/DAK requirements remain; inner matchers AMFDR and settings protections incomplete; no hostile input control or unauthorized peer access demonstrated
SVC-012,requires investigation,Intel remoted chassis matching compares numeric identity pairs; parsers check hex scan success without explicit full-field consumption and local identity conversions have unchecked results,Stage5I parsers0x100023c55/0x100025206; node comparisons0x1000248aa/0x1000248ba; controller equality0x100025042; CFNumberGetValue0x100024c41/0x100024c51; separate seven-case host Scanner probe,Host25G229 differs from audited25G83; input authenticity and provider guarantees unresolved; no target execution or forged identity acceptance demonstrated,See existing evidence and README finding context,Intel remoted chassis matching compares numeric identity pairs; parsers check hex scan success without explicit full-field consumption and local identity conversions have unchecked results,Prior scoped conclusion retained; see status and limit,See linked finding context; not independently re-rated in this segment,Unknown in this new field; prior status/evidence classification preserved,Host25G229 differs from audited25G83; input authenticity and provider guarantees unresolved; no target execution or forged identity acceptance demonstrated
SVC-013,bounded,RSDPreferences uses stored-domain current-user/current-host CFPreferences reads/writes and a bounded version-marker migration,Stage5I getter0x100011133; setter0x1000111c3; migration0x100010f9b; embedded integers0/1; synchronize0x100011212; six direct setter-selector references,No backing-file path ACL effective runtime user persistence success or caller write authorization established; no live preferences read or changed,See existing evidence and README finding context,RSDPreferences uses stored-domain current-user/current-host CFPreferences reads/writes and a bounded version-marker migration,Prior scoped conclusion retained; see status and limit,See linked finding context; not independently re-rated in this segment,Unknown in this new field; prior status/evidence classification preserved,No backing-file path ACL effective runtime user persistence success or caller write authorization established; no live preferences read or changed
SVC-014,bounded,Intel remoted string preference then enabled feature then boot argument selects TLS policy before backend defaults,Stage5J resolver0x10001ce4b; compute0x1000323c5; NCM0x100037805; loopback0x100039d24; five-entry hardware dictionary0x1000658c0,Defaults differ by backend; no actual MobileGestalt preferences boot arguments or traffic acquired; disabled policy does not prove plaintext or a vulnerability,See existing evidence and README finding context,Intel remoted string preference then enabled feature then boot argument selects TLS policy before backend defaults,Prior scoped conclusion retained; see status and limit,See linked finding context; not independently re-rated in this segment,Unknown in this new field; prior status/evidence classification preserved,Defaults differ by backend; no actual MobileGestalt preferences boot arguments or traffic acquired; disabled policy does not prove plaintext or a vulnerability
SVC-015,requires investigation,Compute TLS mutation is gated by audit-token entitlement object presence and maps Boolean false/true to optional/required,Stage5J entitlement lookup0x10001bd71 presence check0x10001bd82; require_tls handler0x10001c638 and setter0x100032359,No explicit entitlement Boolean-truth test on reviewed path; issuance external writers persistence and runtime reachability unresolved; no unprivileged mutation demonstrated,See existing evidence and README finding context,Compute TLS mutation is gated by audit-token entitlement object presence and maps Boolean false/true to optional/required,Prior scoped conclusion retained; see status and limit,See linked finding context; not independently re-rated in this segment,Unknown in this new field; prior status/evidence classification preserved,No explicit entitlement Boolean-truth test on reviewed path; issuance external writers persistence and runtime reachability unresolved; no unprivileged mutation demonstrated
SVC-016,bounded,Identity startup schedules scoped stored-identity deletion separately from generation and replacement of the TLS prerequisite slot,Stage5J startup0x10001f335 block0x10001f41f deletion0x10001e87d replacement0x10001d32e; generation wrapper0x10001d301 and administrative entitlement lookup0x10002ee96,Stage5K expands ordinary generator and reload behavior; complete caller framework and metadata-publication enforcement remain partial; no live keychain identity or private key acquired,See existing evidence and README finding context,Identity startup schedules scoped stored-identity deletion separately from generation and replacement of the TLS prerequisite slot,Prior scoped conclusion retained; see status and limit,See linked finding context; not independently re-rated in this segment,Unknown in this new field; prior status/evidence classification preserved,Stage5K expands ordinary generator and reload behavior; complete caller framework and metadata-publication enforcement remain partial; no live keychain identity or private key acquired
SVC-017,bounded,Intel remoted requests a 256-bit EC AppleKeyStore key and separately adds the resulting identity to the system keychain,Stage5K ACL0x10001d615 flags0x40000000; key0x10001d73a; integer256 at0x100065890; identity-add0x10001dfb9; pinned Apple headers,Token name does not prove Secure Enclave residency; public header permits kernel emulation; no actual key storage or hardware state acquired,See existing evidence and README finding context,Intel remoted requests a 256-bit EC AppleKeyStore key and separately adds the resulting identity to the system keychain,Prior scoped conclusion retained; see status and limit,See linked finding context; not independently re-rated in this segment,Unknown in this new field; prior status/evidence classification preserved,Token name does not prove Secure Enclave residency; public header permits kernel emulation; no actual key storage or hardware state acquired
SVC-018,bounded,Identity generation can omit DCRT DAK and chassis extensions while creation/storage failures return null,Stage5K missing-material branches0x10001d796/0x10001dcc7/0x10001dd7f; self-sign0x10001dead; failure cleanup0x10001e3d5 and return0x10001e586,Producer success is separate from peer verification; required OIDs remain enforced on earlier examined class paths; exact backend and exception behavior unresolved,See existing evidence and README finding context,Identity generation can omit DCRT DAK and chassis extensions while creation/storage failures return null,Prior scoped conclusion retained; see status and limit,See linked finding context; not independently re-rated in this segment,Unknown in this new field; prior status/evidence classification preserved,Producer success is separate from peer verification; required OIDs remain enforced on earlier examined class paths; exact backend and exception behavior unresolved
SVC-019,requires investigation,Async reload checks requested extension presence on stored identity but not after regeneration; null-slot refresh leaves OID metadata unchanged,Stage5K containment0x10001f13e; regenerate0x10001f206 to replacement dispatch0x10001f284; refresh0x10000d064/0x10000d08a,Caller completion other writers publication timing and peer enforcement unresolved; no stale wire advertisement or authentication bypass demonstrated,See existing evidence and README finding context,Async reload checks requested extension presence on stored identity but not after regeneration; null-slot refresh leaves OID metadata unchanged,Prior scoped conclusion retained; see status and limit,See linked finding context; not independently re-rated in this segment,Unknown in this new field; prior status/evidence classification preserved,Caller completion other writers publication timing and peer enforcement unresolved; no stale wire advertisement or authentication bypass demonstrated
SVC-020,requires investigation,Local get_local_device_identity serializes token object blob and certificate; no entitlement or UID gate in inspected listener/getter route,Stage5L Mach listener0x10002bed9; dispatcher0x10002c04b; async caller0x10002ec1b; completion0x10002f3ed; token attribute0x10002f622; reply0x10002ed27,External Mach/sandbox reachability and token-use rights unresolved; no plaintext key disclosure or actual request demonstrated; query can reach generation,See existing evidence and README finding context,Local get_local_device_identity serializes token object blob and certificate; no entitlement or UID gate in inspected listener/getter route,Prior scoped conclusion retained; see status and limit,See linked finding context; not independently re-rated in this segment,Unknown in this new field; prior status/evidence classification preserved,External Mach/sandbox reachability and token-use rights unresolved; no plaintext key disclosure or actual request demonstrated; query can reach generation
SVC-021,requires investigation,Identity completions differ; compute helper selects TLS-disable configuration on null identity while TLS-enabled loopback crashes,Stage5L six direct callers; arrays657b8/657e8; compute helper0x100032e1e; nw_parameters_create_secure_tcp0x100017748; loopback0x100039408 to0x10004cee7,Layer-specific configuration not established accepted plaintext transport; downstream RemoteXPC setup and enforcement incomplete; no identity or connection experiment,See existing evidence and README finding context,Identity completions differ; compute helper selects TLS-disable configuration on null identity while TLS-enabled loopback crashes,Prior scoped conclusion retained; see status and limit,See linked finding context; not independently re-rated in this segment,Unknown in this new field; prior status/evidence classification preserved,Layer-specific configuration not established accepted plaintext transport; downstream RemoteXPC setup and enforcement incomplete; no identity or connection experiment
SVC-022,bounded,Global populated-OID metadata is included in outgoing handshake Properties and peer parser collects string elements,Stage5L global0x10006e370; property attachment0x100008600; send0x100008ad9; tlsOidsPopulatedOnPeer0x10000791e,Other writers and timing incomplete; no stale wire metadata or peer acceptance established; advertisement not certificate authentication,See existing evidence and README finding context,Global populated-OID metadata is included in outgoing handshake Properties and peer parser collects string elements,Prior scoped conclusion retained; see status and limit,See linked finding context; not independently re-rated in this segment,Unknown in this new field; prior status/evidence classification preserved,Other writers and timing incomplete; no stale wire metadata or peer acceptance established; advertisement not certificate authentication
SVC-023,bounded,authenticate_device parses supplied certificate and returns a checked type/OID evaluator result; it is distinct from private-key possession or live TLS authentication,Stage5M dispatcher0x10002adb6; call0x10002b49f; identity_cert read0x10002e0ab; parse0x10002e0c2; evaluator0x100023033; OK0x10002e15d,Endpoint distribution and complete authorization unresolved; earlier evaluator exceptions remain; no actual certificate or peer submitted; does not consume identity_key,See existing evidence and README finding context,authenticate_device parses supplied certificate and returns a checked type/OID evaluator result; it is distinct from private-key possession or live TLS authentication,Prior scoped conclusion retained; see status and limit,See linked finding context; not independently re-rated in this segment,Unknown in this new field; prior status/evidence classification preserved,Endpoint distribution and complete authorization unresolved; earlier evaluator exceptions remain; no actual certificate or peer submitted; does not consume identity_key
SVC-024,requires investigation,Exact-cache framework reconstructs local identity through AppleKeyStore token-OID attributes and adapts it to a TLS identity,132 exports agree with original nlist; client request and checked parsing; 33 slide-pointer checks and 13 import-stub corroborations; SecKeyCreateWithData and SecIdentityCreate argument trace; Stage5O Security token dispatch session construction object lookup and registered-token exception,No real token obtained or used; endpoint reachability and provider authorization unresolved; no plaintext private-key disclosure or accepted TLS session established; nonnull wrapper is not proof of usable token object or signing,See existing evidence and README finding context,Exact-cache framework reconstructs local identity through AppleKeyStore token-OID attributes and adapts it to a TLS identity,Prior scoped conclusion retained; see status and limit,See linked finding context; not independently re-rated in this segment,Unknown in this new field; prior status/evidence classification preserved,No real token obtained or used; endpoint reachability and provider authorization unresolved; no plaintext private-key disclosure or accepted TLS session established; nonnull wrapper is not proof of usable token object or signing
SVC-025,requires investigation,RSD certificate-query reply callback accepts null result-string return and feeds a TLS verification adapter,Stage5O exact-cache query and reply branches0x7ff814639d77/0x7ff814639e21; TLS adapter0x7ff81463e98c; byte and selector rechecks,Server producer returns OK/ERROR; adverse reply producer endpoint control exact API handling and accepted transport remain unestablished; no bypass or severity claimed,See existing evidence and README finding context,RSD certificate-query reply callback accepts null result-string return and feeds a TLS verification adapter,Prior scoped conclusion retained; see status and limit,See linked finding context; not independently re-rated in this segment,Unknown in this new field; prior status/evidence classification preserved,Server producer returns OK/ERROR; adverse reply producer endpoint control exact API handling and accepted transport remain unestablished; no bypass or severity claimed
SVC-026,bounded,AppleKeyStore request selects SEP token/session classes; local key implementation selected through typed nonzero current-task entitlement gate unless explicit ctkdConnection exists,Stage5P exact constants and class/selector pointers; canUseSEPLocally0x7ff813c68f86; entitlement query0x7ff813c69003 and flag store0x7ff813c6909f;1376 selected instructions byte-checked,Routing gate is not complete key-use authorization; sik.access failure only logs in examined block; SVC-027/028 trace constructors and retry/parameters; server/AKS rights and hardware backing unresolved,See existing evidence and README finding context,AppleKeyStore request selects SEP token/session classes; local key implementation selected through typed nonzero current-task entitlement gate unless explicit ctkdConnection exists,Prior scoped conclusion retained; see status and limit,See linked finding context; not independently re-rated in this segment,Unknown in this new field; prior status/evidence classification preserved,Routing gate is not complete key-use authorization; sik.access failure only logs in examined block; SVC-027/028 trace constructors and retry/parameters; server/AKS rights and hardware backing unresolved
SVC-027,bounded,Concrete SEP key constructors distinguish unknown identifiers from denied system keys; reference-key signing checks AKS status; remote attributes use synchronous CTKD IPC,Stage5Q30 functions2538 byte-checked instructions;93 pointer chains15 CFStrings; system-key entitlement and caller route; AKS blob/sign results; CTKD Mach service and required reply fields,Client checks do not prove server caller authorization or backend ACL enforcement; no actual token import signing identity request or accepted transport; operation-block caller mapping and ARM equivalence remain open,See existing evidence and README finding context,Concrete SEP key constructors distinguish unknown identifiers from denied system keys; reference-key signing checks AKS status; remote attributes use synchronous CTKD IPC,Prior scoped conclusion retained; see status and limit,See linked finding context; not independently re-rated in this segment,Unknown in this new field; prior status/evidence classification preserved,Client checks do not prove server caller authorization or backend ACL enforcement; no actual token import signing identity request or accepted transport; operation-block caller mapping and ARM equivalence remain open
SVC-028,bounded,Deferred token object is reconstructed before operation; registered-token errors permit one guarded retry; authentication handle and ACL/caller-group intersection reach AKS parameters,Stage5R6 Security and17 CryptoTokenKit functions;1398 byte-checked instructions83 pointer chains10 CFStrings; ensureTokenObject and retry predicates; externalizedContext requirement; cag membership and AKS parameter keys1/3,No live credential context or key used; operation blocks server audit-token checks context validation AKS backend and ARM remain unresolved; no unrestricted-access or authentication-bypass claim,See existing evidence and README finding context,Deferred token object is reconstructed before operation; registered-token errors permit one guarded retry; authentication handle and ACL/caller-group intersection reach AKS parameters,Prior scoped conclusion retained; see status and limit,See linked finding context; not independently re-rated in this segment,Unknown in this new field; prior status/evidence classification preserved,No live credential context or key used; operation blocks server audit-token checks context validation AKS backend and ARM remain unresolved; no unrestricted-access or authentication-bypass claim
SVC-029,bounded; requires investigation,CTKD passes the current XPC connection to a new local key; shared key-cache hits compare object ID and auth context without an explicit caller or force-session comparison,Stage5S 11 CTKD functions832 instructions10 original methods47 references; local initializer51 instructions4 pointer chains; four inventory-matched files,Context binding and availability; server-instance scope; retained-caller and AKS authorization unresolved; no cross-client key use or bypass demonstrated,See existing evidence and README finding context,CTKD passes the current XPC connection to a new local key; shared key-cache hits compare object ID and auth context without an explicit caller or force-session comparison,Prior scoped conclusion retained; see status and limit,See linked finding context; not independently re-rated in this segment,Unknown in this new field; prior status/evidence classification preserved,Context binding and availability; server-instance scope; retained-caller and AKS authorization unresolved; no cross-client key use or bypass demonstrated
SVC-030,bounded,AKS setter removes prior parameter before replacement validation; import/signing wrappers check preparation results and propagate operation status,Stage5T4body functions plusentry thunk390instructions excluding11padding bytes; original internal symbols,Ignored setter status is a caller review question; backend authorization/context binding and external import targets unresolved; no unauthorized key use demonstrated,See existing evidence and README finding context,AKS setter removes prior parameter before replacement validation; import/signing wrappers check preparation results and propagate operation status,Prior scoped conclusion retained; see status and limit,See linked finding context; not independently re-rated in this segment,Unknown in this new field; prior status/evidence classification preserved,Ignored setter status is a caller review question; backend authorization/context binding and external import targets unresolved; no unauthorized key use demonstrated
RAM-012,bounded,Cleanup commands require Boolean-true helper entitlement; omitted reset-reserve flag defaults true; loaded-context validation failure frees context and returns null,Stage4J.1 seven-entry original table; seven receiver functions2349checked instructions; seven import jump proofs; brain free stub binding,Full cleanup filesystem/APFS effects and handle lifetime unresolved; signature checker rejects retained obsolete resource envelope; no cleanup executed or bypass shown,See existing evidence and README finding context,Cleanup commands require Boolean-true helper entitlement; omitted reset-reserve flag defaults true; loaded-context validation failure frees context and returns null,Prior scoped conclusion retained; see status and limit,See linked finding context; not independently re-rated in this segment,Unknown in this new field; prior status/evidence classification preserved,Full cleanup filesystem/APFS effects and handle lifetime unresolved; signature checker rejects retained obsolete resource envelope; no cleanup executed or bypass shown
RAM-013,bounded,Cleanup retains selected preflight/suspended/pending paths; false purge permits later removal; outer success can coexist with cleanup errors,Inventory-matched receiver outer-server branches;2349 byte-checked instructions;23 import bindings;x86_64 FTS SDK ABI assertions,"No cleanup executed; target/input authenticity, helper effects, relative log-marker context and handle lifetime unresolved; no vulnerability severity",See existing evidence and README finding context,Cleanup retains selected preflight/suspended/pending paths; false purge permits later removal; outer success can coexist with cleanup errors,Prior scoped conclusion retained; see status and limit,See linked finding context; not independently re-rated in this segment,Unknown in this new field; prior status/evidence classification preserved,"No cleanup executed; target/input authenticity, helper effects, relative log-marker context and handle lifetime unresolved; no vulnerability severity"
RAM-014,bounded,Cleanup connection lifecycle and separate cleanup-target override traced; omitted UUID selects root media; target setter performs setup and can return true after some setup failures,2846brain+818receiver byte-checked instructions;7original methods;3blocks;56stub and244indirect bindings;386metadata references,"No target operation executed; override producer/client authority, controller scope, libpartition2 policy and handle lifetime unresolved; no bypass established",See existing evidence and README finding context,Cleanup connection lifecycle and separate cleanup-target override traced; omitted UUID selects root media; target setter performs setup and can return true after some setup failures,Prior scoped conclusion retained; see status and limit,See linked finding context; not independently re-rated in this segment,Unknown in this new field; prior status/evidence classification preserved,"No target operation executed; override producer/client authority, controller scope, libpartition2 policy and handle lifetime unresolved; no bypass established"
RAM-015,bounded,Constructor validation failure frees outer context; snapshot-prepare failure skips new success handle; internal no-op flag producer used by asset-staging progress code,13functions;7076byte-checked instructions;84stubs;358indirect imports;669metadata references;five bounded handle-table references,No full alias/reuse/removal or nested-resource lifecycle proof; static Intel code; no verification bypass established,See existing evidence and README finding context,Constructor validation failure frees outer context; snapshot-prepare failure skips new success handle; internal no-op flag producer used by asset-staging progress code,Prior scoped conclusion retained; see status and limit,See linked finding context; not independently re-rated in this segment,Unknown in this new field; prior status/evidence classification preserved,No full alias/reuse/removal or nested-resource lifecycle proof; static Intel code; no verification bypass established
SIG-009,bounded,Cleanup service code pages and populated special slots match; CMS integrity passes; blanket resource omit rules coexist with rejected bundle validation,396page hashes;five special-slot hashes;two zero slots;OpenSSL CMS -noverify exit0;retained CodeResources and ordinary/strict codesign failures,Not full certificate trust or restore policy acceptance; exact official bundle and omitted-resource coverage remain open,See existing evidence and README finding context,Cleanup service code pages and populated special slots match; CMS integrity passes; blanket resource omit rules coexist with rejected bundle validation,Prior scoped conclusion retained; see status and limit,See linked finding context; not independently re-rated in this segment,Unknown in this new field; prior status/evidence classification preserved,Not full certificate trust or restore policy acceptance; exact official bundle and omitted-resource coverage remain open
SIG-010,bounded,Fresh exact official BaseSystem and all five cleanup bundle files match; official image reproduces custom-omit rejection; supplied-root certificate checks pass,Whole archive SHA256;1397chunk reconstruction;five files/four directories;two official codesign failures;Apple root DER equality;four chain-policy checks,"No fresh revocation proof, independent timestamp, full restore policy, ACL/xattr equivalence or runtime execution; signing policy rejection retained",See existing evidence and README finding context,Fresh exact official BaseSystem and all five cleanup bundle files match; official image reproduces custom-omit rejection; supplied-root certificate checks pass,Prior scoped conclusion retained; see status and limit,See linked finding context; not independently re-rated in this segment,Unknown in this new field; prior status/evidence classification preserved,"No fresh revocation proof, independent timestamp, full restore policy, ACL/xattr equivalence or runtime execution; signing policy rejection retained"
NET-001,bounded,Seven-scope lexical network-reference census accounts for105123 paths;104514 hash-matched scanned; eight restore-library URL constants localized,118203source/offset records;608protected exclusions;one changed Finder-metadata exclusion;all paths/counts/byte extents reconciled;three selected Mach-O libraries,"Strings and host syntax are not requests; compressed/dynamic/other encodings and arbitrary bare domains remain gaps; endpoint selection, request authentication and traffic unproven",See existing evidence and README finding context,Seven-scope lexical network-reference census accounts for105123 paths;104514 hash-matched scanned; eight restore-library URL constants localized,Prior scoped conclusion retained; see status and limit,See linked finding context; not independently re-rated in this segment,Unknown in this new field; prior status/evidence classification preserved,"Strings and host syntax are not requests; compressed/dynamic/other encodings and arbitrary bare domains remain gaps; endpoint selection, request authentication and traffic unproven"
NET-002,bounded,"Restore-library URL defaults, override setters and FDR trust-object GET selection traced in retained RAMDisk code",Source hash checks; constructor fields/options; request-builder and outer200/202 status gates;3126instruction records across16selected functions/blocks shared with NET-003,"Caller authority, actual endpoint use, response authentication callback and returned-object cryptographic acceptance unresolved; not observed traffic",See existing evidence and README finding context,"Restore-library URL defaults, override setters and FDR trust-object GET selection traced in retained RAMDisk code",Prior scoped conclusion retained; see status and limit,See linked finding context; not independently re-rated in this segment,Unknown in this new field; prior status/evidence classification preserved,"Caller authority, actual endpoint use, response authentication callback and returned-object cryptographic acceptance unresolved; not observed traffic"
NET-003,bounded,"Typed EnableSslValidation=false constructs an AMSupport disable-validation option; additional roots, credential and proxy options have conditional producer paths",FDR0x3d9a5-0x3da01 type/Boolean gate and original imported key binding; roots and request-option propagation checked,"Absent/true/wrong-type skip the disable assignment; backend semantics and caller control unresolved; no default-disabled TLS, exploitation or historical use established",See existing evidence and README finding context,"Typed EnableSslValidation=false constructs an AMSupport disable-validation option; additional roots, credential and proxy options have conditional producer paths",Prior scoped conclusion retained; see status and limit,See linked finding context; not independently re-rated in this segment,Unknown in this new field; prior status/evidence classification preserved,"Absent/true/wrong-type skip the disable assignment; backend semantics and caller control unresolved; no default-disabled TLS, exploitation or historical use established"
NET-004,bounded,Selected Memory-to-Remote recovery path checks trust-object SHA256 against rfta/DGST; separate evaluator has option-dependent error masks,Recovery call0x29692; finalCFEqual0x8aa3 and checkedstoreput; digest verifier0x1eae0; optionfilter0x1d6cc; ordinary finalstatus gate0xa60f,Expected-ticket authority and option producers incomplete; nonnull output is not success; no unprivileged bypass or forged-object acceptance established,See existing evidence and README finding context,Selected Memory-to-Remote recovery path checks trust-object SHA256 against rfta/DGST; separate evaluator has option-dependent error masks,Prior scoped conclusion retained; see status and limit,See linked finding context; not independently re-rated in this segment,Unknown in this new field; prior status/evidence classification preserved,Expected-ticket authority and option producers incomplete; nonnull output is not success; no unprivileged bypass or forged-object acceptance established
NET-005,bounded,FDR HTTP callback signs and retries401/419 client challenges; trust-root extraction parses DER; factory-named helper checks supplied digest and root CN,Callback0x3e6d5; checked signer0x3ec3d; resend0x3f00f; Authorizationclear0x3f025; secb/rssl rawtags; factoryroot CNcomparison0x15524,Not server or trust-object authentication by itself; root/digest/context-blob provenance and exact transport trust policy unresolved; no requests or signing performed,See existing evidence and README finding context,FDR HTTP callback signs and retries401/419 client challenges; trust-root extraction parses DER; factory-named helper checks supplied digest and root CN,Prior scoped conclusion retained; see status and limit,See linked finding context; not independently re-rated in this segment,Unknown in this new field; prior status/evidence classification preserved,Not server or trust-object authentication by itself; root/digest/context-blob provenance and exact transport trust policy unresolved; no requests or signing performed
NET-006,bounded,AP-ticket trust helper has a typed AllowUntrusted true-return path; digest-mismatch exception still requires Apple-signature helper success; entitlement producer checks this trust result,APTicketAllowUntrusted gate0x610f3-0x61146; boot-hash comparison0x6125c; APTicketAllowDigestMismatch gate0x612d4; AppleSignedcall0x613ca; entitlementgate0x615a8,Caller authority and transitive signature/hash-provider policy unresolved; static cross-platform branches do not establish host runtime policy or malicious modification,See existing evidence and README finding context,AP-ticket trust helper has a typed AllowUntrusted true-return path; digest-mismatch exception still requires Apple-signature helper success; entitlement producer checks this trust result,Prior scoped conclusion retained; see status and limit,See linked finding context; not independently re-rated in this segment,Unknown in this new field; prior status/evidence classification preserved,Caller authority and transitive signature/hash-provider policy unresolved; static cross-platform branches do not establish host runtime policy or malicious modification
NET-007,bounded,FDR ticket helper reaches selected Image4 chain/signature/property gates with verified policy tables and embedded anchors; callback compares presented CHIP/ECID,Inventory-matched libamsupport;14policy pointers;2extractedanchors; checked chain/signature returns; PKCS1 result/canary gates; property callback/iterator result propagation,Does not independently require both CHIP/ECID present; full certificate constraints/corecrypto/caller policy unresolved; no actual ticket submitted or host policy measured,See existing evidence and README finding context,FDR ticket helper reaches selected Image4 chain/signature/property gates with verified policy tables and embedded anchors; callback compares presented CHIP/ECID,Prior scoped conclusion retained; see status and limit,See linked finding context; not independently re-rated in this segment,Unknown in this new field; prior status/evidence classification preserved,Does not independently require both CHIP/ECID present; full certificate constraints/corecrypto/caller policy unresolved; no actual ticket submitted or host policy measured
NET-008,bounded,Ticket population checks trust after assigning loaded APTicket; input providers and four direct exception-option reader references bounded,libFDR0x83e0 population;0x61d54 optionassignment;0x8503 trustgate; personalized-path selector4 or compiledpath; typed registry read; original RIP optionrefs,No proved rejected-ticket reuse or mandatory precedence for recovery caller; indirect/cross-binary option writers and context authority remain open,See existing evidence and README finding context,Ticket population checks trust after assigning loaded APTicket; input providers and four direct exception-option reader references bounded,Prior scoped conclusion retained; see status and limit,See linked finding context; not independently re-rated in this segment,Unknown in this new field; prior status/evidence classification preserved,No proved rejected-ticket reuse or mandatory precedence for recovery caller; indirect/cross-binary option writers and context authority remain open
NET-009,bounded,"FDR validation-disable option reaches AMS session delegate UseCredential; constructor, request lifecycle and default/custom/client authentication branches traced",Original class/method/key bindings;300second default;retain options;6B producer ->6E66ff/6756;9methodrecords;exact SDK disposition enums,"No actual connection, untrusted option writer, runtime privilege or Foundation policy closure established",See existing evidence and README finding context,"FDR validation-disable option reaches AMS session delegate UseCredential; constructor, request lifecycle and default/custom/client authentication branches traced",Prior scoped conclusion retained; see status and limit,See linked finding context; not independently re-rated in this segment,Unknown in this new field; prior status/evidence classification preserved,"No actual connection, untrusted option writer, runtime privilege or Foundation policy closure established"
NET-010,bounded,Custom-root helper tests certificate index0 using DER equality or direct issuer RSA verification; empty roots fail,AMSupport6cf3;6def index0;6f4f DER compare;0ff9 issuer;RSA SHA1/SHA256 dispatch;SDK leaf-index contract,Specialized local path; complete TLS hostname/date/extension policy and root authority unresolved; no successful TLS bypass demonstrated,See existing evidence and README finding context,Custom-root helper tests certificate index0 using DER equality or direct issuer RSA verification; empty roots fail,Prior scoped conclusion retained; see status and limit,See linked finding context; not independently re-rated in this segment,Unknown in this new field; prior status/evidence classification preserved,Specialized local path; complete TLS hostname/date/extension policy and root authority unresolved; no successful TLS bypass demonstrated
NET-011,bounded,Transport RSA helper differs from Image4 helper: legacy false Boolean can return success; newer branch preserves primary errors but discards extra canary comparison,Exact eac0 versusc03e calltargets;ec17-ec66 returnbytes;three inventory-matched crypto variants and libSystem reexports; official matching RAMDisk,Packaged libraries export newer API; legacy reachability and actual runtime bindings unknown; not a demonstrated current signature bypass or local tampering,See existing evidence and README finding context,Transport RSA helper differs from Image4 helper: legacy false Boolean can return success; newer branch preserves primary errors but discards extra canary comparison,Prior scoped conclusion retained; see status and limit,See linked finding context; not independently re-rated in this segment,Unknown in this new field; prior status/evidence classification preserved,Packaged libraries export newer API; legacy reachability and actual runtime bindings unknown; not a demonstrated current signature bypass or local tampering
NET-012,bounded,PFX selects local signing and skips generic response parsing; shared TSS callback copies request options and retains server URL,Exact RAMDisk PFX hash;31 bodies/3451 code records;relative ObjC methods and chained bindings;actual command keys,No remote request observed; no unsigned-firmware acceptance or SecureBoot change proved; external caller and device validation unresolved,See existing evidence and README finding context,PFX selects local signing and skips generic response parsing; shared TSS callback copies request options and retains server URL,Prior scoped conclusion retained; see status and limit,See linked finding context; not independently re-rated in this segment,Unknown in this new field; prior status/evidence classification preserved,No remote request observed; no unsigned-firmware acceptance or SecureBoot change proved; external caller and device validation unresolved
NET-013,bounded,PFX opens ApplePM40100MgmtEP user client and queries selector2; named send function delivers to in-process UARP receiver,Original IOKit imports;endpoint initialization and send-function argument/control flow;constant accessory count,No live connection or connected-device proof; user-client permissions and write/acceptance path remain Stage6F.2,See existing evidence and README finding context,PFX opens ApplePM40100MgmtEP user client and queries selector2; named send function delivers to in-process UARP receiver,Prior scoped conclusion retained; see status and limit,See linked finding context; not independently re-rated in this segment,Unknown in this new field; prior status/evidence classification preserved,No live connection or connected-device proof; user-client permissions and write/acceptance path remain Stage6F.2
NET-014,bounded,PFX device submission occurs during staging via IOKit selector4; later apply callback sets result flag,Stage6F2 checked callbacks and methods; zeroed options factory; driver and UARP result branches,Caller/device authority and validation unresolved;32-bit chunk arithmetic and abandonment state need review,See existing evidence and README finding context,PFX device submission occurs during staging via IOKit selector4; later apply callback sets result flag,Prior scoped conclusion retained; see status and limit,See linked finding context; not independently re-rated in this segment,Unknown in this new field; prior status/evidence classification preserved,Caller/device authority and validation unresolved;32-bit chunk arithmetic and abandonment state need review
FW-006,bounded,PFX UARP and nested vendor configuration length-accounted with matching header/body CRCs,All outer/nested byte regions; pinned vendor CRC; archive/TLV decoding; encoding checks,Signed message and device trust anchor unverified; register semantics incomplete,See existing evidence and README finding context,PFX UARP and nested vendor configuration length-accounted with matching header/body CRCs,Prior scoped conclusion retained; see status and limit,See linked finding context; not independently re-rated in this segment,Unknown in this new field; prior status/evidence classification preserved,Signed message and device trust anchor unverified; register semantics incomplete
FW-007,bounded,All3PSFfirmware containers match reference and pass6CRCs; embedded RSA keys are distinct,Stage6F3 acquired hashes; prior exact-reference linkage; bounded vendor layout and encoding,PSS encoding is not signature verification; inner code and device key policy unresolved,See existing evidence and README finding context,All3PSFfirmware containers match reference and pass6CRCs; embedded RSA keys are distinct,Prior scoped conclusion retained; see status and limit,See linked finding context; not independently re-rated in this segment,Unknown in this new field; prior status/evidence classification preserved,PSS encoding is not signature verification; inner code and device key policy unresolved
FW-008,bounded,Apple-signed PSFFlasher uses PCI mailbox firmware download and boot-service-only status variables,15byte-checked ranges1841records; original PCI GUID; vendor MRPC and UEFI ABI; prior exact-hash EFI signature,"No execution established;launch/argument authority, malformed-input and individual I/O error handling incomplete",See existing evidence and README finding context,Apple-signed PSFFlasher uses PCI mailbox firmware download and boot-service-only status variables,Prior scoped conclusion retained; see status and limit,See linked finding context; not independently re-rated in this segment,Unknown in this new field; prior status/evidence classification preserved,"No execution established;launch/argument authority, malformed-input and individual I/O error handling incomplete"
FW-009,confirmed static consumers; upstream authority unknown,LoadedImage input and -p / efi-apple-payload* routes feed substring filename selection and conditional filename-version/force gate,"Stage6F4 inputs.original-byte trace and Stage6F3 main/download/PCI trace; RVAs 0x8ef9,0x9550,0xbc81,0xbcdb,0xa314",No authenticated external producer identified; no observed launch or rollback bypass,See existing evidence and README finding context,LoadedImage input and -p / efi-apple-payload* routes feed substring filename selection and conditional filename-version/force gate,Prior scoped conclusion retained; see status and limit,See linked finding context; not independently re-rated in this segment,Unknown in this new field; prior status/evidence classification preserved,No authenticated external producer identified; no observed launch or rollback bypass
FW-010,confirmed local checks absent; exploitability unknown,"512-byte argv and path allocations,96-byte payload-pointer list, unchecked signed target index, uninitialized initial EFI variable DataSize, header arithmetic before bounds, individual PCI errors discarded","Stage6F4 inputs.original-byte trace and Stage6F3 main/download/PCI trace; RVAs 0x8fdc,0x9b41,0x965b,0x966b,0x96a6,0x9748,0x982d,0xb69c,0xb6ca,0xac16,0xad1c,0xad9f","Three valid packaged files pass all6CRCs; caller input control, runtime effects and transport-error reachability unproven",See existing evidence and README finding context,"512-byte argv and path allocations,96-byte payload-pointer list, unchecked signed target index, uninitialized initial EFI variable DataSize, header arithmetic before bounds, individual PCI errors discarded",Prior scoped conclusion retained; see status and limit,See linked finding context; not independently re-rated in this segment,Unknown in this new field; prior status/evidence classification preserved,"Three valid packaged files pass all6CRCs; caller input control, runtime effects and transport-error reachability unproven"
FW-011,confirmed conditional control flow; no observed hardware event,Security-query return ignored after buffer zeroing; unfilled zero response selects UnFused success and dev_signed host filename label,"Stage6F4 inputs.original-byte trace and Stage6F3 main/download/PCI trace; RVAs 0xbf56,0xbf6e,0xbf79,0xbf7e,0xc107,0xc10c,0xc139,0x10fd0",Does not alter fuses or enforce/bypass device authentication; packaged PSF names areprod_signed; no malformed inputs executed,See existing evidence and README finding context,Security-query return ignored after buffer zeroing; unfilled zero response selects UnFused success and dev_signed host filename label,Prior scoped conclusion retained; see status and limit,See linked finding context; not independently re-rated in this segment,Unknown in this new field; prior status/evidence classification preserved,Does not alter fuses or enforce/bypass device authentication; packaged PSF names areprod_signed; no malformed inputs executed
FW-012,Confirmed bounded static workflow; exact PSF producer authority incomplete,"FirmwareUpdateLauncher consumes helper plists, assembles bless firmware/payload options and efi-apple-payload index names, requests NVRAM changes; compiled status table associates PSFFlasher with psfupdater",Stage6F5 launcher10ranges2361records179metadata checks; fresh exact-image acquisition and strict signing; path census,"No inventoried psfupdater path; initiating caller/helper validation, bless/kernel policy and EFI handoff remain unknown; no execution or writes performed",See existing evidence and README finding context,"FirmwareUpdateLauncher consumes helper plists, assembles bless firmware/payload options and efi-apple-payload index names, requests NVRAM changes; compiled status table associates PSFFlasher with psfupdater",Prior scoped conclusion retained; see status and limit,See linked finding context; not independently re-rated in this segment,Unknown in this new field; prior status/evidence classification preserved,"No inventoried psfupdater path; initiating caller/helper validation, bless/kernel policy and EFI handoff remain unknown; no execution or writes performed"
FW-013,Confirmed bounded static workflow,bless stages payloads and serializes EFI media paths/boot options for an IOKit NVRAM property request; signed private installer/boot/snapshot/NVRAM entitlements present,Stage6F6 fresh reference-linked bless;6ranges1915records10metadata139import checks,Kernel conversion to -data variables and authorization not traced; entitlement presence does not prove execution or root caller,See existing evidence and README finding context,bless stages payloads and serializes EFI media paths/boot options for an IOKit NVRAM property request; signed private installer/boot/snapshot/NVRAM entitlements present,Prior scoped conclusion retained; see status and limit,See linked finding context; not independently re-rated in this segment,Unknown in this new field; prior status/evidence classification preserved,Kernel conversion to -data variables and authorization not traced; entitlement presence does not prove execution or root caller
FW-014,Confirmed caller behavior; protocol meaning corroborated by upstream definitions,"MultiUpdater reads staged payloads, optionally requests IMG4 verification for seven types including psfu, supplies true verification callback to Apple loader, sets child LoadOptions and calls StartImage; update state uses attributes7",Stage6F6 21ranges1401original-byte records; pinned AppleLoadImage/AppleSecureBoot headers and UEFI ABI; prior exact reference/signature links,"Protocol definitions are external research, not OpenCore evidence; actual Apple firmware loader/device acceptance and active policy unknown",See existing evidence and README finding context,"MultiUpdater reads staged payloads, optionally requests IMG4 verification for seven types including psfu, supplies true verification callback to Apple loader, sets child LoadOptions and calls StartImage; update state uses attributes7",Prior scoped conclusion retained; see status and limit,See linked finding context; not independently re-rated in this segment,Unknown in this new field; prior status/evidence classification preserved,"Protocol definitions are external research, not OpenCore evidence; actual Apple firmware loader/device acceptance and active policy unknown"
FW-015,Confirmed static error-reporting gaps; runtime impact unverified,MultiUpdater child lookup returns zero when no payload matches; resume-state writer discards SetVariable return; selected caller ignores result-writer status,"Stage6F6 checked d3d5-d440, d578-d63e and main db45/db48","No malformed input or failure injected; no proof of successful flash, exploitability or boot-policy bypass; trusted producer constraints unresolved",See existing evidence and README finding context,MultiUpdater child lookup returns zero when no payload matches; resume-state writer discards SetVariable return; selected caller ignores result-writer status,Prior scoped conclusion retained; see status and limit,See linked finding context; not independently re-rated in this segment,Unknown in this new field; prior status/evidence classification preserved,"No malformed input or failure injected; no proof of successful flash, exploitability or boot-policy bypass; trusted producer constraints unresolved"
FW-016,Observed static authorization checks,"Ordinary dictionary writes pass false permission override; current-task Boolean-true entitlement checks, legacy/name rules and separate LocalPolicy-storage entitlement","Stage6F7 nvram.instructions, entitlement-table, legacy-table and rebase-corroboration; 196403a/196403c,196358d,19635bd",MAC/sandbox/AMFI/entry checks and all override callers remain open; no runtime policy test,BootKernelExtensions.kc / AppleEFINVRAM,Selected caller passes false; checker compares entitlement object with kOSBooleanTrue; LocalPolicy storage additionally requires com.apple.private.security.bootpolicy.nvram,Firmware-payload ordinary write route is gated; generic root privilege does not replace the GUID-specific entitlement,Kernel NVRAM mutation boundary,Observed,Trace registry/MAC entry path and every true override caller
FW-017,Observed selected conversion and persistence-request chain,XML array/dictionaries convert to binary EFI paths; successful conversion queues a -data companion; sync reaches a static indirect EFI runtime call with attributes7,"Stage6F7 provider.instructions, pointer-links, nvram.instructions; 14865d1,1486602,196317b,1963263,196066f,19628b0","No actual write observed; full input validation, MAC/entry authority and firmware acceptance unresolved","BootKernelExtensions.kc / AppleACPIPlatform, AppleEFINVRAM, AppleEFIRuntime","OSUnserializeXML, typed casts, UTF16 media-path/option construction, -data suffix and pending dictionary-to-setVariable calls retained","Companion data is an EFI path representation and queued modification, not firmware bytes or proof of persistence",Pre-boot payload selection and kernel-to-firmware handoff,Observed,Complete converter size/error/ownership branches and registry/MAC entry controls; firmware implementation needs additional artifact
FW-018,Observed compiled mapping and scoped absence,Eight mappings cover seven helper names; eleven signed Mach-O helper paths and fifteen EFI flasher paths; psfupdater basename absent in enumerated trees,"Stage6F7 launcher-authority constant/instruction proof, helper-census; publication/FIRMWARE_HELPERS.csv",No historical helper binary established; helper-internal authorization/platform restrictions not traced; absence not exhaustive across opaque containers,FirmwareUpdateLauncher and seven-scope helper census,Fixed updater-name predicate and all eight dictionaries decoded; census joins hashes and retained signing records,Architecture variants and repeated/alternate payload locations explain multiplicity; missing helper remains provenance question,Helper selection and privileged producer inputs,Observed,Reverse engineer located helpers and trace caller/directory authority; inspect package manifests for psfupdater
FW-019,Observed result-propagation gap; impact unknown,setProperty calls setMagicVariable but does not directly reject its subsequent original-variable queueing on a false conversion result,Stage6F7 nvram.instructions/annotated; 1963625 through19637ea,Not a demonstrated vulnerability or successful persistent write; stale companion behavior and reachable failure inputs need further work,BootKernelExtensions.kc / AppleEFINVRAM::setProperty,"Return used for optional logging, no result-dependent rejection before original-variable cache/pending processing",Conversion and original-property acceptance have separate outcomes; conversion failure may not surface as property failure,Error reporting and possible stale/partial state across a firmware staging boundary,Observed,Trace all companion consumers/deletion and synchronization results; define a safe isolated model before any runtime experiment
FW-020,bounded static analysis; runtime impact unresolved,"Typed EFI path conversion and registry transport construction have bounded validation, append-result, media-read-error and metadata-ownership limitations","Stage6F7 provider.instructions; continuation converter-new.*, converter-types, converter-branch-review and arithmetic-examples; EFI_CONVERTER_BRANCHES.csv; stage6f7-transport-20260927 transport.provenance.json, transport-review.json and iomedia-slot-links.json; 1820 checked instructions/11 helpers","No runtime malformed input or allocation/read failure induced; firmware acceptance, boot impact, overflow exploitation and security bypass unproven","BootKernelExtensions.kc / AppleACPIPlatform EFI array converter, registry builder and matching IOStorageFamily vtable",22typed branches reviewed; four-field MAC parser;16bit file/node arithmetic; common append failures ignored while CDROM checks; retained metadata lacks release on selected replacement/error/null-output paths; eleven selected transport append results unused; MBR read error can return success without setting the zero-initialized signature output,"Potential malformed or incomplete path generation and reference-leak candidates; OSData itself rejects length overflow and inadequate capacity; MBR zero-signature node is a static error-propagation candidate, not an observed boot failure",Privileged boot-path parsing and error/ownership boundary before NVRAM staging,Observed branch behavior; arithmetic/lifetime effects Supported inference; runtime impact Unknown,"Trace authorized caller/property producers, append/read failure reachability, downstream EFI-path consumers and firmware acceptance in an isolated model"
FW-021,bounded static analysis; reachability and impact unresolved,AppleEFINVRAM resync error-return path contains no matching unlock after acquiring the NVRAM mutex,resyncAllVariables196420e..42c8; lock4228; firmware call4240; error4247->429d->4290/4297; success unlock4288; continuation validation.json15recordCFG; stage6f7-policy-20260927 exact equality/sandboxcallback/pointer proofs,"No resync request or firmware-error induction; equality and concrete sandboxcallback traced, but evaluator/profile/caller and firmware-error reachability unresolved; no demonstrated deadlock or denial of service",BootKernelExtensions.kc / AppleEFINVRAM::resyncAllVariables,Nonzero ResyncNVRam deletion result follows optional logging to return without the local unlock; successful route flushes/caches/unlocks,Potential retained-lock error-handling defect in official-matching binary; not evidence of modification or unauthorized firmware access,Possible availability impact at privileged NVRAM synchronization boundary if the error route is reachable,Observed local control flow; retained-lock consequence Supported inference; reachability/impact Unknown,"Resolve sb_evaluate_internal3033f55, effectiveprofile/globalpolicy, remainingMACregistration/kernelcallers and firmwareerrors before isolated dynamicvalidation"
