scope,path,role,bytes,sha256,architecture_or_format,signing,authorities,team_identifier,entitlement_keys,updater_names,flasher_names,invocation,platform_restrictions,privilege_requirements,confidence,semantic_status
source,UpdateBundle/AssetData/boot/Firmware/AMDFirmware/GpuUtil.efi,EFI flasher,160784,ace64d8e08ca8194bb8a9ba7f9fc299cb8a50aa904bbb93c49113aac2173e434,"MS-DOS executable PE32+ executable (EFI application) x86-64 (stripped to external PDB), for MS Windows",Prior Apple EFI format verification pass,,Not a Mach-O TeamIdentifier,,vbiosupdater,GpuUtil.efi,Compiled launcher mapping; staged EFI child coordinated by MultiUpdater; per-path execution not observed,Unknown; architecture and package path alone do not establish hardware eligibility,Unknown per helper; downstream NVRAM/firmware checks separately traced,Observed metadata and compiled mapping; firmware family interpretation remains scoped,See prior per-artifact firmware stages; mapping alone is not full semantic review
source,UpdateBundle/AssetData/boot/Firmware/usr/standalone/firmware/FUD/USBCAccessoryFirmwareUpdater/HPMUtil.efi,EFI flasher,91832,f3fa46e2a79c04452af2d13c1457af1e6975929dc3ee3063ebf9392f39b50f21,"MS-DOS executable PE32+ executable (EFI application) x86-64 (stripped to external PDB), for MS Windows",Prior Apple EFI format verification pass,,Not a Mach-O TeamIdentifier,,usbcupdater,HPMUtil.efi,Compiled launcher mapping; staged EFI child coordinated by MultiUpdater; per-path execution not observed,Unknown; architecture and package path alone do not establish hardware eligibility,Unknown per helper; downstream NVRAM/firmware checks separately traced,Observed metadata and compiled mapping; firmware family interpretation remains scoped,See prior per-artifact firmware stages; mapping alone is not full semantic review
source,UpdateBundle/AssetData/boot/Firmware/DP2HDMIUpdater/DpUtil.efi,EFI flasher,93344,79f4e015acf84a0b9e4c09d462d6a06792c34ffa8d74380e4195a76112f0b98c,"Universal EFI binary with 2 architectures, x86_64, x86_64",Prior Apple EFI format verification pass,,Not a Mach-O TeamIdentifier,,dp2hdmiupdater,DpUtil.efi,Compiled launcher mapping; staged EFI child coordinated by MultiUpdater; per-path execution not observed,Unknown; architecture and package path alone do not establish hardware eligibility,Unknown per helper; downstream NVRAM/firmware checks separately traced,Observed metadata and compiled mapping; firmware family interpretation remains scoped,See prior per-artifact firmware stages; mapping alone is not full semantic review
source,UpdateBundle/AssetData/boot/Firmware/USBCUpdater/HPMUtil.efi,EFI flasher,89144,e5ea2da85418114d2a296804c3a15167e77d9528a92a44e0708f70c8b34ee35e,"MS-DOS executable PE32+ executable (EFI application) x86-64 (stripped to external PDB), for MS Windows",Prior Apple EFI format verification pass,,Not a Mach-O TeamIdentifier,,usbcupdater,HPMUtil.efi,Compiled launcher mapping; staged EFI child coordinated by MultiUpdater; per-path execution not observed,Unknown; architecture and package path alone do not establish hardware eligibility,Unknown per helper; downstream NVRAM/firmware checks separately traced,Observed metadata and compiled mapping; firmware family interpretation remains scoped,See prior per-artifact firmware stages; mapping alone is not full semantic review
source,UpdateBundle/AssetData/boot/Firmware/USBCUpdater/ThorUtil.efi,EFI flasher,223128,54635eb00255e376445eada891bc73c53a89b198c534837585ed0c99959e9636,"MS-DOS executable PE32+ executable (EFI application) x86-64 (stripped to external PDB), for MS Windows",Prior Apple EFI format verification pass,,Not a Mach-O TeamIdentifier,,usbcupdater,ThorUtil.efi,Compiled launcher mapping; staged EFI child coordinated by MultiUpdater; per-path execution not observed,Unknown; architecture and package path alone do not establish hardware eligibility,Unknown per helper; downstream NVRAM/firmware checks separately traced,Observed metadata and compiled mapping; firmware family interpretation remains scoped,See prior per-artifact firmware stages; mapping alone is not full semantic review
source,UpdateBundle/AssetData/boot/Firmware/AppleSDFirmware/SDFWUpdater.efi,EFI flasher,151680,449cda0c1f4c0c2a99595831874395a664b40c45ed7bfccb8606d5a119dfe987,"Universal EFI binary with 2 architectures, i386, x86_64",Prior Apple EFI format verification pass,,Not a Mach-O TeamIdentifier,,sdfwupdater,SDFWUpdater.efi,Compiled launcher mapping; staged EFI child coordinated by MultiUpdater; per-path execution not observed,Unknown; architecture and package path alone do not establish hardware eligibility,Unknown per helper; downstream NVRAM/firmware checks separately traced,Observed metadata and compiled mapping; firmware family interpretation remains scoped,See prior per-artifact firmware stages; mapping alone is not full semantic review
source,UpdateBundle/AssetData/boot/Firmware/System/Library/PrivateFrameworks/MobileAccessoryUpdater.framework/XPCServices/ThunderboltAccessoryUpdaterService.xpc/Contents/Resources/ThorUtil.efi,EFI flasher,242232,b79d1f3fd5c319c4fea033374c09e8440b6fd08e6115c2b5cdbb5e1e58f7a22d,"MS-DOS executable PE32+ executable (EFI application) x86-64 (stripped to external PDB), for MS Windows",Prior Apple EFI format verification pass,,Not a Mach-O TeamIdentifier,,usbcupdater,ThorUtil.efi,Compiled launcher mapping; staged EFI child coordinated by MultiUpdater; per-path execution not observed,Unknown; architecture and package path alone do not establish hardware eligibility,Unknown per helper; downstream NVRAM/firmware checks separately traced,Observed metadata and compiled mapping; firmware family interpretation remains scoped,See prior per-artifact firmware stages; mapping alone is not full semantic review
source,UpdateBundle/AssetData/boot/EFI/AMDFirmware/GpuUtil.efi,EFI flasher,160784,ace64d8e08ca8194bb8a9ba7f9fc299cb8a50aa904bbb93c49113aac2173e434,"MS-DOS executable PE32+ executable (EFI application) x86-64 (stripped to external PDB), for MS Windows",Prior Apple EFI format verification pass,,Not a Mach-O TeamIdentifier,,vbiosupdater,GpuUtil.efi,Compiled launcher mapping; staged EFI child coordinated by MultiUpdater; per-path execution not observed,Unknown; architecture and package path alone do not establish hardware eligibility,Unknown per helper; downstream NVRAM/firmware checks separately traced,Observed metadata and compiled mapping; firmware family interpretation remains scoped,See prior per-artifact firmware stages; mapping alone is not full semantic review
source,UpdateBundle/AssetData/boot/EFI/DP2HDMIUpdater/DpUtil.efi,EFI flasher,93344,79f4e015acf84a0b9e4c09d462d6a06792c34ffa8d74380e4195a76112f0b98c,"Universal EFI binary with 2 architectures, x86_64, x86_64",Prior Apple EFI format verification pass,,Not a Mach-O TeamIdentifier,,dp2hdmiupdater,DpUtil.efi,Compiled launcher mapping; staged EFI child coordinated by MultiUpdater; per-path execution not observed,Unknown; architecture and package path alone do not establish hardware eligibility,Unknown per helper; downstream NVRAM/firmware checks separately traced,Observed metadata and compiled mapping; firmware family interpretation remains scoped,See prior per-artifact firmware stages; mapping alone is not full semantic review
source,UpdateBundle/AssetData/boot/EFI/AppleSSDFirmware/NVMeFlasher.efi,EFI flasher,137664,61ad4db6f130b0e421706660aadd15673b0425557244c2ec4ce2c05f39ab4b9e,"Universal EFI binary with 2 architectures, i386, x86_64",Prior Apple EFI format verification pass,,Not a Mach-O TeamIdentifier,,ssdupdater,NVMeFlasher.efi,Compiled launcher mapping; staged EFI child coordinated by MultiUpdater; per-path execution not observed,Unknown; architecture and package path alone do not establish hardware eligibility,Unknown per helper; downstream NVRAM/firmware checks separately traced,Observed metadata and compiled mapping; firmware family interpretation remains scoped,See prior per-artifact firmware stages; mapping alone is not full semantic review
source,UpdateBundle/AssetData/boot/EFI/USBCUpdater/HPMUtil.efi,EFI flasher,89144,e5ea2da85418114d2a296804c3a15167e77d9528a92a44e0708f70c8b34ee35e,"MS-DOS executable PE32+ executable (EFI application) x86-64 (stripped to external PDB), for MS Windows",Prior Apple EFI format verification pass,,Not a Mach-O TeamIdentifier,,usbcupdater,HPMUtil.efi,Compiled launcher mapping; staged EFI child coordinated by MultiUpdater; per-path execution not observed,Unknown; architecture and package path alone do not establish hardware eligibility,Unknown per helper; downstream NVRAM/firmware checks separately traced,Observed metadata and compiled mapping; firmware family interpretation remains scoped,See prior per-artifact firmware stages; mapping alone is not full semantic review
source,UpdateBundle/AssetData/boot/EFI/USBCUpdater/ThorUtil.efi,EFI flasher,223128,54635eb00255e376445eada891bc73c53a89b198c534837585ed0c99959e9636,"MS-DOS executable PE32+ executable (EFI application) x86-64 (stripped to external PDB), for MS Windows",Prior Apple EFI format verification pass,,Not a Mach-O TeamIdentifier,,usbcupdater,ThorUtil.efi,Compiled launcher mapping; staged EFI child coordinated by MultiUpdater; per-path execution not observed,Unknown; architecture and package path alone do not establish hardware eligibility,Unknown per helper; downstream NVRAM/firmware checks separately traced,Observed metadata and compiled mapping; firmware family interpretation remains scoped,See prior per-artifact firmware stages; mapping alone is not full semantic review
source,UpdateBundle/AssetData/boot/EFI/AppleSDFirmware/SDFWUpdater.efi,EFI flasher,151680,449cda0c1f4c0c2a99595831874395a664b40c45ed7bfccb8606d5a119dfe987,"Universal EFI binary with 2 architectures, i386, x86_64",Prior Apple EFI format verification pass,,Not a Mach-O TeamIdentifier,,sdfwupdater,SDFWUpdater.efi,Compiled launcher mapping; staged EFI child coordinated by MultiUpdater; per-path execution not observed,Unknown; architecture and package path alone do not establish hardware eligibility,Unknown per helper; downstream NVRAM/firmware checks separately traced,Observed metadata and compiled mapping; firmware family interpretation remains scoped,See prior per-artifact firmware stages; mapping alone is not full semantic review
source,UpdateBundle/AssetData/boot/EFI/SMCPayloads/SmcFlasher.efi,EFI flasher,189120,a816555433f46fe73f29a6853582a5c985cb53cb286083056710270403ad1612,"Universal EFI binary with 2 architectures, i386, x86_64",Prior Apple EFI format verification pass,,Not a Mach-O TeamIdentifier,,smcupdater,SmcFlasher.efi,Compiled launcher mapping; staged EFI child coordinated by MultiUpdater; per-path execution not observed,Unknown; architecture and package path alone do not establish hardware eligibility,Unknown per helper; downstream NVRAM/firmware checks separately traced,Observed metadata and compiled mapping; firmware family interpretation remains scoped,See prior per-artifact firmware stages; mapping alone is not full semantic review
source,UpdateBundle/AssetData/boot/EFI/PSFFirmware/PSFFlasher.efi,EFI flasher,72400,7471de9f4d8ec39a1e6d651a964c7115d26aeeb836dd01f5739a2aeda31549b3,"MS-DOS executable PE32+ executable (EFI application) x86-64 (stripped to external PDB), for MS Windows",Prior Apple EFI format verification pass,,Not a Mach-O TeamIdentifier,,psfupdater,PSFFlasher.efi,Compiled launcher mapping; staged EFI child coordinated by MultiUpdater; per-path execution not observed,Unknown; architecture and package path alone do not establish hardware eligibility,Unknown per helper; downstream NVRAM/firmware checks separately traced,Observed metadata and compiled mapping; firmware family interpretation remains scoped,See prior per-artifact firmware stages; mapping alone is not full semantic review
arm64e-base,usr/libexec/dp2hdmiupdater,userspace helper,71088,599118d0b12b78a7f2cbbd556dfaff9771fb04cd15a0e3041d984ad26738899f,"Mach-O 64-bit arm64e (caps: PAC00) executable, flags:<NOUNDEFS|DYLDLINK|TWOLEVEL|PIE>",Apple authority chain; retained strict verification pass,macOS Software Signing; Apple Code Signing Certification Authority; Apple Root CA,not set,,dp2hdmiupdater,DpUtil.efi,FirmwareUpdateLauncher child; -p PAYLOAD_DIRECTORY -s,Unknown; architecture and package path alone do not establish hardware eligibility,Unknown per helper; downstream NVRAM/firmware checks separately traced,Observed metadata and compiled mapping; firmware family interpretation remains scoped,PARTIAL; helper bodies and hardware/caller authority remain queued
arm64e-base,usr/libexec/sdfwupdater,userspace helper,71232,b310da1bf8eeb3d4e85825428b7d188f25a4e61ee9426daa0346a54b4dcc0cc9,"Mach-O 64-bit arm64e (caps: PAC00) executable, flags:<NOUNDEFS|DYLDLINK|TWOLEVEL|PIE>",Apple authority chain; retained strict verification pass,macOS Software Signing; Apple Code Signing Certification Authority; Apple Root CA,not set,,sdfwupdater,SDFWUpdater.efi,FirmwareUpdateLauncher child; -p PAYLOAD_DIRECTORY -s,Unknown; architecture and package path alone do not establish hardware eligibility,Unknown per helper; downstream NVRAM/firmware checks separately traced,Observed metadata and compiled mapping; firmware family interpretation remains scoped,PARTIAL; helper bodies and hardware/caller authority remain queued
arm64e-base,usr/libexec/ssdupdater,userspace helper,71152,04df39d7f1960ee40ee48cb912f94d1fb64ffae15befedabcd8390b3c108035c,"Mach-O 64-bit arm64e (caps: PAC00) executable, flags:<NOUNDEFS|DYLDLINK|TWOLEVEL|PIE>",Apple authority chain; retained strict verification pass,macOS Software Signing; Apple Code Signing Certification Authority; Apple Root CA,not set,,ssdupdater,NVMeFlasher.efi,FirmwareUpdateLauncher child; -p PAYLOAD_DIRECTORY -s,Unknown; architecture and package path alone do not establish hardware eligibility,Unknown per helper; downstream NVRAM/firmware checks separately traced,Observed metadata and compiled mapping; firmware family interpretation remains scoped,PARTIAL; helper bodies and hardware/caller authority remain queued
arm64e-base,usr/libexec/usbcupdater,userspace helper,104208,b409dab1f58fc9ce739135728010a857e7eddb5985c1cadbd314a8d7fdce35fd,"Mach-O 64-bit arm64e (caps: PAC00) executable, flags:<NOUNDEFS|DYLDLINK|TWOLEVEL|PIE>",Apple authority chain; retained strict verification pass,macOS Software Signing; Apple Code Signing Certification Authority; Apple Root CA,not set,,usbcupdater,HPMUtil.efi; ThorUtil.efi,FirmwareUpdateLauncher child; -p PAYLOAD_DIRECTORY -s,Unknown; architecture and package path alone do not establish hardware eligibility,Unknown per helper; downstream NVRAM/firmware checks separately traced,Observed metadata and compiled mapping; firmware family interpretation remains scoped,PARTIAL; helper bodies and hardware/caller authority remain queued
arm64e-base,usr/libexec/vbiosupdater,userspace helper,88656,9f76457b97b8d37fba7f80350a123ff7f22cee03537829663fd3da0707d96571,"Mach-O 64-bit arm64e (caps: PAC00) executable, flags:<NOUNDEFS|DYLDLINK|TWOLEVEL|BINDS_TO_WEAK|PIE>",Apple authority chain; retained strict verification pass,macOS Software Signing; Apple Code Signing Certification Authority; Apple Root CA,not set,com.apple.private.gpuwrangler,vbiosupdater,GpuUtil.efi,FirmwareUpdateLauncher child; -p PAYLOAD_DIRECTORY -s,Unknown; architecture and package path alone do not establish hardware eligibility,Unknown per helper; downstream NVRAM/firmware checks separately traced,Observed metadata and compiled mapping; firmware family interpretation remains scoped,PARTIAL; helper bodies and hardware/caller authority remain queued
x86_64-base,usr/libexec/dp2hdmiupdater,userspace helper,42432,c7c22e73e14b6b44d3b48c7c30270c21f48ce52499a5f541c82689d119b4870c,"Mach-O 64-bit x86_64 executable, flags:<NOUNDEFS|DYLDLINK|TWOLEVEL|PIE>",Apple authority chain; retained strict verification pass,macOS Software Signing; Apple Code Signing Certification Authority; Apple Root CA,not set,,dp2hdmiupdater,DpUtil.efi,FirmwareUpdateLauncher child; -p PAYLOAD_DIRECTORY -s,Unknown; architecture and package path alone do not establish hardware eligibility,Unknown per helper; downstream NVRAM/firmware checks separately traced,Observed metadata and compiled mapping; firmware family interpretation remains scoped,PARTIAL; helper bodies and hardware/caller authority remain queued
x86_64-base,usr/libexec/sdfwupdater,userspace helper,38480,b7043f158c0d503b357cdbc259c9a124d4be25653908de763aa997f17c2655c1,"Mach-O 64-bit x86_64 executable, flags:<NOUNDEFS|DYLDLINK|TWOLEVEL|PIE>",Apple authority chain; retained strict verification pass,macOS Software Signing; Apple Code Signing Certification Authority; Apple Root CA,not set,,sdfwupdater,SDFWUpdater.efi,FirmwareUpdateLauncher child; -p PAYLOAD_DIRECTORY -s,Unknown; architecture and package path alone do not establish hardware eligibility,Unknown per helper; downstream NVRAM/firmware checks separately traced,Observed metadata and compiled mapping; firmware family interpretation remains scoped,PARTIAL; helper bodies and hardware/caller authority remain queued
x86_64-base,usr/libexec/smcupdater,userspace helper,49776,a3124e626ce035971ee0e81044881f1d4d5580e911b40fd19a5b59f374822b13,"Mach-O 64-bit x86_64 executable, flags:<NOUNDEFS|DYLDLINK|TWOLEVEL|PIE>",Apple authority chain; retained strict verification pass,macOS Software Signing; Apple Code Signing Certification Authority; Apple Root CA,not set,,smcupdater,SmcFlasher.efi,FirmwareUpdateLauncher child; -p PAYLOAD_DIRECTORY -s,Unknown; architecture and package path alone do not establish hardware eligibility,Unknown per helper; downstream NVRAM/firmware checks separately traced,Observed metadata and compiled mapping; firmware family interpretation remains scoped,PARTIAL; helper bodies and hardware/caller authority remain queued
x86_64-base,usr/libexec/ssdupdater,userspace helper,38400,f81135f282b4c601f7a6b6dfb730b77dd45945b5387c15f98ad2a3dcfb03a5a4,"Mach-O 64-bit x86_64 executable, flags:<NOUNDEFS|DYLDLINK|TWOLEVEL|PIE>",Apple authority chain; retained strict verification pass,macOS Software Signing; Apple Code Signing Certification Authority; Apple Root CA,not set,,ssdupdater,NVMeFlasher.efi,FirmwareUpdateLauncher child; -p PAYLOAD_DIRECTORY -s,Unknown; architecture and package path alone do not establish hardware eligibility,Unknown per helper; downstream NVRAM/firmware checks separately traced,Observed metadata and compiled mapping; firmware family interpretation remains scoped,PARTIAL; helper bodies and hardware/caller authority remain queued
x86_64-base,usr/libexec/usbcupdater,userspace helper,75824,a593e1efdbe3ed83906e46bb5c3ed96bfdf77ff285013ef1c6295c907d86a429,"Mach-O 64-bit x86_64 executable, flags:<NOUNDEFS|DYLDLINK|TWOLEVEL|PIE>",Apple authority chain; retained strict verification pass,macOS Software Signing; Apple Code Signing Certification Authority; Apple Root CA,not set,,usbcupdater,HPMUtil.efi; ThorUtil.efi,FirmwareUpdateLauncher child; -p PAYLOAD_DIRECTORY -s,Unknown; architecture and package path alone do not establish hardware eligibility,Unknown per helper; downstream NVRAM/firmware checks separately traced,Observed metadata and compiled mapping; firmware family interpretation remains scoped,PARTIAL; helper bodies and hardware/caller authority remain queued
x86_64-base,usr/libexec/vbiosupdater,userspace helper,56208,e07c65760f01cd927b6ef1a075f45630d47aab6d8a31ee3fd0016c49a2770146,"Mach-O 64-bit x86_64 executable, flags:<NOUNDEFS|DYLDLINK|TWOLEVEL|BINDS_TO_WEAK|PIE>",Apple authority chain; retained strict verification pass,macOS Software Signing; Apple Code Signing Certification Authority; Apple Root CA,not set,com.apple.private.gpuwrangler,vbiosupdater,GpuUtil.efi,FirmwareUpdateLauncher child; -p PAYLOAD_DIRECTORY -s,Unknown; architecture and package path alone do not establish hardware eligibility,Unknown per helper; downstream NVRAM/firmware checks separately traced,Observed metadata and compiled mapping; firmware family interpretation remains scoped,PARTIAL; helper bodies and hardware/caller authority remain queued
